charger_pk,hour,사용빈도수
1,0,0.027472527472527472
1,1,0.01510989010989011
1,2,0.01510989010989011
1,3,0.013736263736263736
1,4,0.01098901098901099
1,5,0.009615384615384616
1,6,0.013736263736263736
1,7,0.08241758241758242
1,8,0.18269230769230768
1,9,0.15521978021978022
1,10,0.11813186813186813
1,11,0.11538461538461539
1,12,0.11538461538461539
1,13,0.14835164835164835
1,14,0.13186813186813187
1,15,0.12637362637362637
1,16,0.11538461538461539
1,17,0.1401098901098901
1,18,0.13598901098901098
1,19,0.12912087912087913
1,20,0.13736263736263737
1,21,0.09615384615384616
1,22,0.06043956043956044
1,23,0.04395604395604396
10,0,0.009615384615384616
10,1,0.006868131868131868
10,2,0.0013736263736263737
10,3,0.0
10,4,0.009615384615384616
10,5,0.03708791208791209
10,6,0.0782967032967033
10,7,0.125
10,8,0.29395604395604397
10,9,0.5041208791208791
10,10,0.4423076923076923
10,11,0.38186813186813184
10,12,0.42032967032967034
10,13,0.46291208791208793
10,14,0.42445054945054944
10,15,0.4368131868131868
10,16,0.3516483516483517
10,17,0.38324175824175827
10,18,0.21153846153846154
10,19,0.16071428571428573
10,20,0.10576923076923077
10,21,0.046703296703296704
10,22,0.03021978021978022
10,23,0.023351648351648352
100,0,0.03159340659340659
100,1,0.017857142857142856
100,2,0.006868131868131868
100,3,0.009615384615384616
100,4,0.028846153846153848
100,5,0.02197802197802198
100,6,0.019230769230769232
100,7,0.019230769230769232
100,8,0.06593406593406594
100,9,0.11401098901098901
100,10,0.12087912087912088
100,11,0.1304945054945055
100,12,0.1510989010989011
100,13,0.1620879120879121
100,14,0.1565934065934066
100,15,0.12087912087912088
100,16,0.1510989010989011
100,17,0.16346153846153846
100,18,0.13324175824175824
100,19,0.07554945054945054
100,20,0.057692307692307696
100,21,0.06593406593406594
100,22,0.0521978021978022
100,23,0.03296703296703297
101,0,0.03571428571428571
101,1,0.024725274725274724
101,2,0.027472527472527472
101,3,0.02197802197802198
101,4,0.03021978021978022
101,5,0.08241758241758242
101,6,0.04945054945054945
101,7,0.06868131868131869
101,8,0.12087912087912088
101,9,0.12637362637362637
101,10,0.15384615384615385
101,11,0.1620879120879121
101,12,0.14835164835164835
101,13,0.1401098901098901
101,14,0.13186813186813187
101,15,0.12637362637362637
101,16,0.10714285714285714
101,17,0.17032967032967034
101,18,0.19230769230769232
101,19,0.1510989010989011
101,20,0.1620879120879121
101,21,0.13736263736263737
101,22,0.1043956043956044
101,23,0.07142857142857142
102,0,0.008241758241758242
102,1,0.005494505494505495
102,2,0.005494505494505495
102,3,0.0027472527472527475
102,4,0.0027472527472527475
102,5,0.004120879120879121
102,6,0.006868131868131868
102,7,0.020604395604395604
102,8,0.03296703296703297
102,9,0.04807692307692308
102,10,0.038461538461538464
102,11,0.061813186813186816
102,12,0.11126373626373626
102,13,0.1401098901098901
102,14,0.2445054945054945
102,15,0.14560439560439561
102,16,0.08516483516483517
102,17,0.07554945054945054
102,18,0.0521978021978022
102,19,0.019230769230769232
102,20,0.020604395604395604
102,21,0.016483516483516484
102,22,0.019230769230769232
102,23,0.019230769230769232
103,0,0.0
103,1,0.0
103,2,0.0
103,3,0.0
103,4,0.0
103,5,0.0
103,6,0.0
103,7,0.0
103,8,0.0027472527472527475
103,9,0.005494505494505495
103,10,0.03021978021978022
103,11,0.07692307692307693
103,12,0.11813186813186813
103,13,0.10714285714285714
103,14,0.14560439560439561
103,15,0.17582417582417584
103,16,0.260989010989011
103,17,0.39285714285714285
103,18,0.3873626373626374
103,19,0.42857142857142855
103,20,0.3076923076923077
103,21,0.09615384615384616
103,22,0.016483516483516484
103,23,0.0
104,0,0.0013736263736263737
104,1,0.0013736263736263737
104,2,0.0
104,3,0.0
104,4,0.0
104,5,0.0
104,6,0.008241758241758242
104,7,0.027472527472527472
104,8,0.024725274725274724
104,9,0.01510989010989011
104,10,0.01098901098901099
104,11,0.019230769230769232
104,12,0.03296703296703297
104,13,0.02197802197802198
104,14,0.03159340659340659
104,15,0.03159340659340659
104,16,0.03021978021978022
104,17,0.0260989010989011
104,18,0.01098901098901099
104,19,0.0013736263736263737
104,20,0.004120879120879121
104,21,0.004120879120879121
104,22,0.0027472527472527475
104,23,0.0
105,0,0.0013736263736263737
105,1,0.0
105,2,0.0
105,3,0.0013736263736263737
105,4,0.0013736263736263737
105,5,0.0027472527472527475
105,6,0.03159340659340659
105,7,0.0782967032967033
105,8,0.046703296703296704
105,9,0.020604395604395604
105,10,0.0260989010989011
105,11,0.038461538461538464
105,12,0.050824175824175824
105,13,0.05631868131868132
105,14,0.054945054945054944
105,15,0.05357142857142857
105,16,0.0521978021978022
105,17,0.0521978021978022
105,18,0.019230769230769232
105,19,0.009615384615384616
105,20,0.0013736263736263737
105,21,0.004120879120879121
105,22,0.0027472527472527475
105,23,0.0013736263736263737
106,0,0.10989010989010989
106,1,0.09478021978021978
106,2,0.042582417582417584
106,3,0.01510989010989011
106,4,0.03983516483516483
106,5,0.08104395604395605
106,6,0.125
106,7,0.15521978021978022
106,8,0.2967032967032967
106,9,0.33791208791208793
106,10,0.39697802197802196
106,11,0.3914835164835165
106,12,0.44642857142857145
106,13,0.45604395604395603
106,14,0.49862637362637363
106,15,0.5082417582417582
106,16,0.48626373626373626
106,17,0.5247252747252747
106,18,0.4945054945054945
106,19,0.3585164835164835
106,20,0.30631868131868134
106,21,0.29532967032967034
106,22,0.2129120879120879
106,23,0.14423076923076922
107,0,0.11263736263736264
107,1,0.08791208791208792
107,2,0.04395604395604396
107,3,0.027472527472527472
107,4,0.057692307692307696
107,5,0.06043956043956044
107,6,0.12637362637362637
107,7,0.1771978021978022
107,8,0.31043956043956045
107,9,0.3475274725274725
107,10,0.33516483516483514
107,11,0.3804945054945055
107,12,0.4107142857142857
107,13,0.41208791208791207
107,14,0.364010989010989
107,15,0.41208791208791207
107,16,0.47527472527472525
107,17,0.5247252747252747
107,18,0.5260989010989011
107,19,0.49725274725274726
107,20,0.48214285714285715
107,21,0.4175824175824176
107,22,0.3021978021978022
107,23,0.19093406593406592
108,0,0.023351648351648352
108,1,0.019230769230769232
108,2,0.006868131868131868
108,3,0.0027472527472527475
108,4,0.016483516483516484
108,5,0.03983516483516483
108,6,0.17994505494505494
108,7,0.2692307692307692
108,8,0.31456043956043955
108,9,0.5343406593406593
108,10,0.7307692307692307
108,11,0.8337912087912088
108,12,0.8983516483516484
108,13,0.9368131868131868
108,14,0.8873626373626373
108,15,0.8914835164835165
108,16,0.8626373626373627
108,17,0.7541208791208791
108,18,0.6222527472527473
108,19,0.5412087912087912
108,20,0.48626373626373626
108,21,0.30631868131868134
108,22,0.12912087912087913
108,23,0.03983516483516483
109,0,0.050824175824175824
109,1,0.03983516483516483
109,2,0.019230769230769232
109,3,0.01098901098901099
109,4,0.012362637362637362
109,5,0.02197802197802198
109,6,0.03571428571428571
109,7,0.057692307692307696
109,8,0.11126373626373626
109,9,0.11263736263736264
109,10,0.125
109,11,0.12225274725274725
109,12,0.12912087912087913
109,13,0.14972527472527472
109,14,0.17032967032967034
109,15,0.16071428571428573
109,16,0.1717032967032967
109,17,0.16346153846153846
109,18,0.14697802197802198
109,19,0.14560439560439561
109,20,0.13324175824175824
109,21,0.13324175824175824
109,22,0.08241758241758242
109,23,0.04807692307692308
11,0,0.004120879120879121
11,1,0.0027472527472527475
11,2,0.0027472527472527475
11,3,0.0
11,4,0.0
11,5,0.0013736263736263737
11,6,0.013736263736263736
11,7,0.03983516483516483
11,8,0.11950549450549451
11,9,0.1510989010989011
11,10,0.12362637362637363
11,11,0.1346153846153846
11,12,0.14835164835164835
11,13,0.12912087912087913
11,14,0.14697802197802198
11,15,0.13873626373626374
11,16,0.1401098901098901
11,17,0.09340659340659341
11,18,0.027472527472527472
11,19,0.017857142857142856
11,20,0.01098901098901099
11,21,0.012362637362637362
11,22,0.006868131868131868
11,23,0.006868131868131868
110,0,0.07967032967032966
110,1,0.08516483516483517
110,2,0.046703296703296704
110,3,0.017857142857142856
110,4,0.023351648351648352
110,5,0.06043956043956044
110,6,0.057692307692307696
110,7,0.1043956043956044
110,8,0.1510989010989011
110,9,0.17582417582417584
110,10,0.23626373626373626
110,11,0.2348901098901099
110,12,0.27884615384615385
110,13,0.2706043956043956
110,14,0.24862637362637363
110,15,0.29945054945054944
110,16,0.33516483516483514
110,17,0.3516483516483517
110,18,0.33653846153846156
110,19,0.3021978021978022
110,20,0.26785714285714285
110,21,0.20741758241758243
110,22,0.20604395604395603
110,23,0.09340659340659341
111,0,0.057692307692307696
111,1,0.02197802197802198
111,2,0.020604395604395604
111,3,0.019230769230769232
111,4,0.09615384615384616
111,5,0.1346153846153846
111,6,0.14835164835164835
111,7,0.1620879120879121
111,8,0.2651098901098901
111,9,0.36126373626373626
111,10,0.40934065934065933
111,11,0.47802197802197804
111,12,0.5260989010989011
111,13,0.6346153846153846
111,14,0.6387362637362637
111,15,0.6346153846153846
111,16,0.5494505494505495
111,17,0.46291208791208793
111,18,0.44368131868131866
111,19,0.33653846153846156
111,20,0.16758241758241757
111,21,0.10164835164835165
111,22,0.08104395604395605
111,23,0.06318681318681318
112,0,0.01510989010989011
112,1,0.024725274725274724
112,2,0.027472527472527472
112,3,0.03983516483516483
112,4,0.12225274725274725
112,5,0.1510989010989011
112,6,0.08653846153846154
112,7,0.08104395604395605
112,8,0.1401098901098901
112,9,0.2129120879120879
112,10,0.23763736263736263
112,11,0.2664835164835165
112,12,0.3434065934065934
112,13,0.41483516483516486
112,14,0.4807692307692308
112,15,0.4491758241758242
112,16,0.3873626373626374
112,17,0.3118131868131868
112,18,0.21703296703296704
112,19,0.1346153846153846
112,20,0.07692307692307693
112,21,0.054945054945054944
112,22,0.04807692307692308
112,23,0.03159340659340659
113,0,0.12774725274725274
113,1,0.1304945054945055
113,2,0.13873626373626374
113,3,0.2664835164835165
113,4,0.36538461538461536
113,5,0.24587912087912087
113,6,0.24862637362637363
113,7,0.2403846153846154
113,8,0.3557692307692308
113,9,0.3956043956043956
113,10,0.4010989010989011
113,11,0.49038461538461536
113,12,0.6442307692307693
113,13,0.7417582417582418
113,14,0.8118131868131868
113,15,0.7582417582417582
113,16,0.6497252747252747
113,17,0.7101648351648352
113,18,0.6634615384615384
113,19,0.4258241758241758
113,20,0.36538461538461536
113,21,0.33791208791208793
113,22,0.2651098901098901
113,23,0.19917582417582416
114,0,0.054945054945054944
114,1,0.03296703296703297
114,2,0.04120879120879121
114,3,0.050824175824175824
114,4,0.061813186813186816
114,5,0.06318681318681318
114,6,0.09340659340659341
114,7,0.11538461538461539
114,8,0.19093406593406592
114,9,0.22115384615384615
114,10,0.25824175824175827
114,11,0.3241758241758242
114,12,0.3804945054945055
114,13,0.4697802197802198
114,14,0.5370879120879121
114,15,0.4684065934065934
114,16,0.3901098901098901
114,17,0.35714285714285715
114,18,0.28983516483516486
114,19,0.1813186813186813
114,20,0.16895604395604397
114,21,0.11538461538461539
114,22,0.07967032967032966
114,23,0.054945054945054944
115,0,0.034340659340659344
115,1,0.02197802197802198
115,2,0.03159340659340659
115,3,0.061813186813186816
115,4,0.08516483516483517
115,5,0.08653846153846154
115,6,0.12087912087912088
115,7,0.14423076923076922
115,8,0.16758241758241757
115,9,0.22115384615384615
115,10,0.2403846153846154
115,11,0.32967032967032966
115,12,0.4052197802197802
115,13,0.48626373626373626
115,14,0.5398351648351648
115,15,0.49313186813186816
115,16,0.39697802197802196
115,17,0.39285714285714285
115,18,0.32142857142857145
115,19,0.20604395604395603
115,20,0.1813186813186813
115,21,0.13736263736263737
115,22,0.08241758241758242
115,23,0.054945054945054944
116,0,0.04120879120879121
116,1,0.03571428571428571
116,2,0.03021978021978022
116,3,0.046703296703296704
116,4,0.0989010989010989
116,5,0.12225274725274725
116,6,0.1510989010989011
116,7,0.18269230769230768
116,8,0.24175824175824176
116,9,0.2967032967032967
116,10,0.3173076923076923
116,11,0.4340659340659341
116,12,0.4835164835164835
116,13,0.5343406593406593
116,14,0.5906593406593407
116,15,0.5741758241758241
116,16,0.49175824175824173
116,17,0.46703296703296704
116,18,0.40934065934065933
116,19,0.25686813186813184
116,20,0.18956043956043955
116,21,0.14972527472527472
116,22,0.09065934065934066
116,23,0.07005494505494506
117,0,0.0013736263736263737
117,1,0.0
117,2,0.0
117,3,0.0
117,4,0.0
117,5,0.0
117,6,0.008241758241758242
117,7,0.019230769230769232
117,8,0.04807692307692308
117,9,0.050824175824175824
117,10,0.03296703296703297
117,11,0.04120879120879121
117,12,0.04395604395604396
117,13,0.0521978021978022
117,14,0.06456043956043957
117,15,0.06456043956043957
117,16,0.06456043956043957
117,17,0.06456043956043957
117,18,0.0521978021978022
117,19,0.038461538461538464
117,20,0.03983516483516483
117,21,0.027472527472527472
117,22,0.009615384615384616
117,23,0.0027472527472527475
118,0,0.006868131868131868
118,1,0.0027472527472527475
118,2,0.0013736263736263737
118,3,0.0027472527472527475
118,4,0.0013736263736263737
118,5,0.008241758241758242
118,6,0.07280219780219781
118,7,0.09065934065934066
118,8,0.07692307692307693
118,9,0.050824175824175824
118,10,0.046703296703296704
118,11,0.0673076923076923
118,12,0.08653846153846154
118,13,0.09615384615384616
118,14,0.09340659340659341
118,15,0.0989010989010989
118,16,0.09615384615384616
118,17,0.10027472527472528
118,18,0.07005494505494506
118,19,0.042582417582417584
118,20,0.038461538461538464
118,21,0.028846153846153848
118,22,0.020604395604395604
118,23,0.01098901098901099
119,0,0.006868131868131868
119,1,0.004120879120879121
119,2,0.0027472527472527475
119,3,0.0027472527472527475
119,4,0.0027472527472527475
119,5,0.0013736263736263737
119,6,0.006868131868131868
119,7,0.019230769230769232
119,8,0.03983516483516483
119,9,0.054945054945054944
119,10,0.06868131868131869
119,11,0.06868131868131869
119,12,0.05357142857142857
119,13,0.06868131868131869
119,14,0.08241758241758242
119,15,0.07005494505494506
119,16,0.09203296703296704
119,17,0.0989010989010989
119,18,0.0673076923076923
119,19,0.027472527472527472
119,20,0.04120879120879121
119,21,0.0521978021978022
119,22,0.01510989010989011
119,23,0.012362637362637362
12,0,0.08516483516483517
12,1,0.03708791208791209
12,2,0.02197802197802198
12,3,0.017857142857142856
12,4,0.024725274725274724
12,5,0.03983516483516483
12,6,0.09615384615384616
12,7,0.16483516483516483
12,8,0.2706043956043956
12,9,0.4684065934065934
12,10,0.4945054945054945
12,11,0.5370879120879121
12,12,0.6414835164835165
12,13,0.657967032967033
12,14,0.5947802197802198
12,15,0.6112637362637363
12,16,0.625
12,17,0.5728021978021978
12,18,0.5247252747252747
12,19,0.41620879120879123
12,20,0.37774725274725274
12,21,0.3434065934065934
12,22,0.20741758241758243
12,23,0.12362637362637363
120,0,0.004120879120879121
120,1,0.004120879120879121
120,2,0.005494505494505495
120,3,0.0013736263736263737
120,4,0.0013736263736263737
120,5,0.0027472527472527475
120,6,0.013736263736263736
120,7,0.03571428571428571
120,8,0.08791208791208792
120,9,0.10576923076923077
120,10,0.10576923076923077
120,11,0.10576923076923077
120,12,0.10989010989010989
120,13,0.10714285714285714
120,14,0.10851648351648352
120,15,0.10851648351648352
120,16,0.14835164835164835
120,17,0.14285714285714285
120,18,0.08516483516483517
120,19,0.04807692307692308
120,20,0.05357142857142857
120,21,0.0521978021978022
120,22,0.03159340659340659
120,23,0.013736263736263736
121,0,0.14697802197802198
121,1,0.09340659340659341
121,2,0.06593406593406594
121,3,0.10302197802197802
121,4,0.07967032967032966
121,5,0.11950549450549451
121,6,0.3942307692307692
121,7,0.47802197802197804
121,8,0.7321428571428571
121,9,0.8145604395604396
121,10,0.6002747252747253
121,11,0.614010989010989
121,12,0.6346153846153846
121,13,0.7321428571428571
121,14,0.695054945054945
121,15,0.6826923076923077
121,16,0.7596153846153846
121,17,0.8626373626373627
121,18,0.8310439560439561
121,19,0.8379120879120879
121,20,0.695054945054945
121,21,0.5618131868131868
121,22,0.5741758241758241
121,23,0.3434065934065934
122,0,0.016483516483516484
122,1,0.008241758241758242
122,2,0.006868131868131868
122,3,0.5741758241758241
122,4,0.6744505494505495
122,5,0.13324175824175824
122,6,0.15384615384615385
122,7,0.23901098901098902
122,8,0.39697802197802196
122,9,0.45467032967032966
122,10,0.4024725274725275
122,11,0.4065934065934066
122,12,0.4271978021978022
122,13,0.5398351648351648
122,14,0.5576923076923077
122,15,0.7664835164835165
122,16,0.9326923076923077
122,17,0.5810439560439561
122,18,0.4107142857142857
122,19,0.3475274725274725
122,20,0.2980769230769231
122,21,0.17445054945054944
122,22,0.07005494505494506
122,23,0.034340659340659344
123,0,0.03021978021978022
123,1,0.016483516483516484
123,2,0.013736263736263736
123,3,0.059065934065934064
123,4,0.20741758241758243
123,5,0.20604395604395603
123,6,0.13598901098901098
123,7,0.24862637362637363
123,8,0.39285714285714285
123,9,0.40934065934065933
123,10,0.36538461538461536
123,11,0.3598901098901099
123,12,0.41208791208791207
123,13,0.5357142857142857
123,14,0.5480769230769231
123,15,0.739010989010989
123,16,0.8502747252747253
123,17,0.532967032967033
123,18,0.3873626373626374
123,19,0.2802197802197802
123,20,0.21016483516483517
123,21,0.16483516483516483
123,22,0.08791208791208792
123,23,0.04395604395604396
124,0,0.024725274725274724
124,1,0.005494505494505495
124,2,0.0027472527472527475
124,3,0.0027472527472527475
124,4,0.04395604395604396
124,5,0.03296703296703297
124,6,0.07967032967032966
124,7,0.07417582417582418
124,8,0.17032967032967034
124,9,0.20054945054945056
124,10,0.22252747252747251
124,11,0.25824175824175827
124,12,0.27472527472527475
124,13,0.260989010989011
124,14,0.15384615384615385
124,15,0.11263736263736264
124,16,0.11538461538461539
124,17,0.1565934065934066
124,18,0.1813186813186813
124,19,0.13186813186813187
124,20,0.12912087912087913
124,21,0.0989010989010989
124,22,0.054945054945054944
124,23,0.03021978021978022
125,0,0.02197802197802198
125,1,0.01510989010989011
125,2,0.016483516483516484
125,3,0.04945054945054945
125,4,0.07280219780219781
125,5,0.10851648351648352
125,6,0.09752747252747253
125,7,0.10027472527472528
125,8,0.22802197802197802
125,9,0.260989010989011
125,10,0.260989010989011
125,11,0.28708791208791207
125,12,0.29945054945054944
125,13,0.3598901098901099
125,14,0.34065934065934067
125,15,0.38324175824175827
125,16,0.43543956043956045
125,17,0.31868131868131866
125,18,0.23901098901098902
125,19,0.23076923076923078
125,20,0.16895604395604397
125,21,0.10164835164835165
125,22,0.07417582417582418
125,23,0.028846153846153848
126,0,0.03571428571428571
126,1,0.01098901098901099
126,2,0.01098901098901099
126,3,0.016483516483516484
126,4,0.06043956043956044
126,5,0.10714285714285714
126,6,0.20604395604395603
126,7,0.18406593406593408
126,8,0.17582417582417584
126,9,0.31043956043956045
126,10,0.3956043956043956
126,11,0.5686813186813187
126,12,0.5989010989010989
126,13,0.6401098901098901
126,14,0.6016483516483516
126,15,0.6510989010989011
126,16,0.5934065934065934
126,17,0.5054945054945055
126,18,0.41483516483516486
126,19,0.23351648351648352
126,20,0.15934065934065933
126,21,0.08241758241758242
126,22,0.046703296703296704
126,23,0.04120879120879121
127,0,0.016483516483516484
127,1,0.008241758241758242
127,2,0.005494505494505495
127,3,0.005494505494505495
127,4,0.03571428571428571
127,5,0.10164835164835165
127,6,0.1813186813186813
127,7,0.17857142857142858
127,8,0.1620879120879121
127,9,0.24725274725274726
127,10,0.3901098901098901
127,11,0.45604395604395603
127,12,0.45879120879120877
127,13,0.5054945054945055
127,14,0.489010989010989
127,15,0.45604395604395603
127,16,0.489010989010989
127,17,0.4368131868131868
127,18,0.33516483516483514
127,19,0.17307692307692307
127,20,0.11538461538461539
127,21,0.07692307692307693
127,22,0.027472527472527472
127,23,0.024725274725274724
128,0,0.012362637362637362
128,1,0.012362637362637362
128,2,0.013736263736263736
128,3,0.012362637362637362
128,4,0.012362637362637362
128,5,0.01510989010989011
128,6,0.02197802197802198
128,7,0.05357142857142857
128,8,0.11950549450549451
128,9,0.23351648351648352
128,10,0.34065934065934067
128,11,0.38186813186813184
128,12,0.42032967032967034
128,13,0.3695054945054945
128,14,0.2980769230769231
128,15,0.23763736263736263
128,16,0.2087912087912088
128,17,0.16483516483516483
128,18,0.0782967032967033
128,19,0.027472527472527472
128,20,0.017857142857142856
128,21,0.017857142857142856
128,22,0.016483516483516484
128,23,0.012362637362637362
129,0,0.024725274725274724
129,1,0.024725274725274724
129,2,0.024725274725274724
129,3,0.024725274725274724
129,4,0.0260989010989011
129,5,0.027472527472527472
129,6,0.03159340659340659
129,7,0.061813186813186816
129,8,0.13186813186813187
129,9,0.1978021978021978
129,10,0.22664835164835165
129,11,0.24175824175824176
129,12,0.3076923076923077
129,13,0.3076923076923077
129,14,0.23214285714285715
129,15,0.18956043956043955
129,16,0.13598901098901098
129,17,0.11401098901098901
129,18,0.061813186813186816
129,19,0.0260989010989011
129,20,0.0260989010989011
129,21,0.027472527472527472
129,22,0.024725274725274724
129,23,0.024725274725274724
13,0,0.034340659340659344
13,1,0.024725274725274724
13,2,0.013736263736263736
13,3,0.012362637362637362
13,4,0.006868131868131868
13,5,0.02197802197802198
13,6,0.046703296703296704
13,7,0.04807692307692308
13,8,0.1043956043956044
13,9,0.18543956043956045
13,10,0.1936813186813187
13,11,0.21703296703296704
13,12,0.20604395604395603
13,13,0.22252747252747251
13,14,0.3228021978021978
13,15,0.42994505494505497
13,16,0.3131868131868132
13,17,0.24587912087912087
13,18,0.3173076923076923
13,19,0.21428571428571427
13,20,0.14972527472527472
13,21,0.13873626373626374
13,22,0.11538461538461539
13,23,0.08104395604395605
130,0,0.008241758241758242
130,1,0.008241758241758242
130,2,0.009615384615384616
130,3,0.008241758241758242
130,4,0.008241758241758242
130,5,0.009615384615384616
130,6,0.008241758241758242
130,7,0.016483516483516484
130,8,0.0782967032967033
130,9,0.20192307692307693
130,10,0.2623626373626374
130,11,0.24862637362637363
130,12,0.28846153846153844
130,13,0.26373626373626374
130,14,0.21978021978021978
130,15,0.1813186813186813
130,16,0.16895604395604397
130,17,0.10302197802197802
130,18,0.028846153846153848
130,19,0.009615384615384616
130,20,0.012362637362637362
130,21,0.009615384615384616
130,22,0.009615384615384616
130,23,0.009615384615384616
131,0,0.005494505494505495
131,1,0.005494505494505495
131,2,0.005494505494505495
131,3,0.005494505494505495
131,4,0.005494505494505495
131,5,0.005494505494505495
131,6,0.005494505494505495
131,7,0.01510989010989011
131,8,0.04532967032967033
131,9,0.11401098901098901
131,10,0.16483516483516483
131,11,0.20054945054945056
131,12,0.21565934065934067
131,13,0.20604395604395603
131,14,0.16895604395604397
131,15,0.12637362637362637
131,16,0.09203296703296704
131,17,0.07692307692307693
131,18,0.024725274725274724
131,19,0.01098901098901099
131,20,0.006868131868131868
131,21,0.008241758241758242
131,22,0.008241758241758242
131,23,0.005494505494505495
132,0,0.0
132,1,0.0
132,2,0.0013736263736263737
132,3,0.0
132,4,0.0
132,5,0.0013736263736263737
132,6,0.013736263736263736
132,7,0.03296703296703297
132,8,0.13324175824175824
132,9,0.21565934065934067
132,10,0.21428571428571427
132,11,0.2554945054945055
132,12,0.25961538461538464
132,13,0.23351648351648352
132,14,0.15521978021978022
132,15,0.13736263736263737
132,16,0.125
132,17,0.09615384615384616
132,18,0.03159340659340659
132,19,0.012362637362637362
132,20,0.006868131868131868
132,21,0.004120879120879121
132,22,0.0013736263736263737
132,23,0.0027472527472527475
133,0,0.0013736263736263737
133,1,0.0
133,2,0.0
133,3,0.0013736263736263737
133,4,0.0
133,5,0.0013736263736263737
133,6,0.009615384615384616
133,7,0.028846153846153848
133,8,0.05357142857142857
133,9,0.10164835164835165
133,10,0.17032967032967034
133,11,0.22802197802197802
133,12,0.260989010989011
133,13,0.19642857142857142
133,14,0.13324175824175824
133,15,0.11126373626373626
133,16,0.11538461538461539
133,17,0.1043956043956044
133,18,0.046703296703296704
133,19,0.01510989010989011
133,20,0.006868131868131868
133,21,0.004120879120879121
133,22,0.004120879120879121
133,23,0.0027472527472527475
134,0,0.0027472527472527475
134,1,0.0
134,2,0.0013736263736263737
134,3,0.0
134,4,0.0027472527472527475
134,5,0.0027472527472527475
134,6,0.006868131868131868
134,7,0.028846153846153848
134,8,0.03983516483516483
134,9,0.03708791208791209
134,10,0.04532967032967033
134,11,0.0782967032967033
134,12,0.11263736263736264
134,13,0.09203296703296704
134,14,0.0521978021978022
134,15,0.06318681318681318
134,16,0.06868131868131869
134,17,0.050824175824175824
134,18,0.034340659340659344
134,19,0.024725274725274724
134,20,0.01510989010989011
134,21,0.013736263736263736
134,22,0.005494505494505495
134,23,0.0027472527472527475
135,0,0.027472527472527472
135,1,0.023351648351648352
135,2,0.01510989010989011
135,3,0.01098901098901099
135,4,0.012362637362637362
135,5,0.03571428571428571
135,6,0.09615384615384616
135,7,0.26373626373626374
135,8,0.47115384615384615
135,9,0.5123626373626373
135,10,0.646978021978022
135,11,0.635989010989011
135,12,0.6483516483516484
135,13,0.6291208791208791
135,14,0.6167582417582418
135,15,0.5535714285714286
135,16,0.5027472527472527
135,17,0.44505494505494503
135,18,0.31043956043956045
135,19,0.1771978021978022
135,20,0.12225274725274725
135,21,0.09615384615384616
135,22,0.07280219780219781
135,23,0.07280219780219781
136,0,0.012362637362637362
136,1,0.009615384615384616
136,2,0.008241758241758242
136,3,0.016483516483516484
136,4,0.08104395604395605
136,5,0.12225274725274725
136,6,0.10851648351648352
136,7,0.11950549450549451
136,8,0.19917582417582416
136,9,0.19642857142857142
136,10,0.1662087912087912
136,11,0.21703296703296704
136,12,0.2733516483516483
136,13,0.3324175824175824
136,14,0.32967032967032966
136,15,0.36675824175824173
136,16,0.3804945054945055
136,17,0.37637362637362637
136,18,0.25961538461538464
136,19,0.14972527472527472
136,20,0.10302197802197802
136,21,0.08241758241758242
136,22,0.05631868131868132
136,23,0.057692307692307696
137,0,0.03021978021978022
137,1,0.016483516483516484
137,2,0.01098901098901099
137,3,0.008241758241758242
137,4,0.01098901098901099
137,5,0.04945054945054945
137,6,0.08928571428571429
137,7,0.11950549450549451
137,8,0.2925824175824176
137,9,0.3695054945054945
137,10,0.38324175824175827
137,11,0.4478021978021978
137,12,0.46703296703296704
137,13,0.45604395604395603
137,14,0.44368131868131866
137,15,0.41483516483516486
137,16,0.3475274725274725
137,17,0.3873626373626374
137,18,0.39697802197802196
137,19,0.32142857142857145
137,20,0.22115384615384615
137,21,0.13186813186813187
137,22,0.09752747252747253
137,23,0.046703296703296704
138,0,0.019230769230769232
138,1,0.013736263736263736
138,2,0.0027472527472527475
138,3,0.0
138,4,0.0027472527472527475
138,5,0.005494505494505495
138,6,0.008241758241758242
138,7,0.019230769230769232
138,8,0.06043956043956044
138,9,0.0989010989010989
138,10,0.13736263736263737
138,11,0.18956043956043955
138,12,0.1978021978021978
138,13,0.19505494505494506
138,14,0.21428571428571427
138,15,0.19505494505494506
138,16,0.16758241758241757
138,17,0.23901098901098902
138,18,0.26373626373626374
138,19,0.14560439560439561
138,20,0.08241758241758242
138,21,0.06318681318681318
138,22,0.054945054945054944
138,23,0.03571428571428571
139,0,0.009615384615384616
139,1,0.005494505494505495
139,2,0.0013736263736263737
139,3,0.0013736263736263737
139,4,0.0027472527472527475
139,5,0.0
139,6,0.016483516483516484
139,7,0.034340659340659344
139,8,0.042582417582417584
139,9,0.04532967032967033
139,10,0.0673076923076923
139,11,0.09478021978021978
139,12,0.12362637362637363
139,13,0.11813186813186813
139,14,0.12912087912087913
139,15,0.12774725274725274
139,16,0.08516483516483517
139,17,0.10027472527472528
139,18,0.08653846153846154
139,19,0.0673076923076923
139,20,0.06456043956043957
139,21,0.046703296703296704
139,22,0.034340659340659344
139,23,0.02197802197802198
14,0,0.07417582417582418
14,1,0.02197802197802198
14,2,0.013736263736263736
14,3,0.02197802197802198
14,4,0.027472527472527472
14,5,0.054945054945054944
14,6,0.22527472527472528
14,7,0.27472527472527475
14,8,0.27472527472527475
14,9,0.29395604395604397
14,10,0.1978021978021978
14,11,0.17307692307692307
14,12,0.1565934065934066
14,13,0.1978021978021978
14,14,0.22802197802197802
14,15,0.22252747252747251
14,16,0.2802197802197802
14,17,0.27197802197802196
14,18,0.260989010989011
14,19,0.29395604395604397
14,20,0.23626373626373626
14,21,0.19230769230769232
14,22,0.1346153846153846
14,23,0.09340659340659341
140,0,0.02197802197802198
140,1,0.012362637362637362
140,2,0.009615384615384616
140,3,0.01098901098901099
140,4,0.0027472527472527475
140,5,0.009615384615384616
140,6,0.03708791208791209
140,7,0.061813186813186816
140,8,0.10164835164835165
140,9,0.11675824175824176
140,10,0.15384615384615385
140,11,0.1813186813186813
140,12,0.21703296703296704
140,13,0.24313186813186813
140,14,0.25686813186813184
140,15,0.24862637362637363
140,16,0.20054945054945056
140,17,0.20054945054945056
140,18,0.17582417582417584
140,19,0.13186813186813187
140,20,0.13324175824175824
140,21,0.11126373626373626
140,22,0.07692307692307693
140,23,0.034340659340659344
141,0,0.017857142857142856
141,1,0.004120879120879121
141,2,0.0027472527472527475
141,3,0.01098901098901099
141,4,0.03983516483516483
141,5,0.17582417582417584
141,6,0.4491758241758242
141,7,0.3804945054945055
141,8,0.2980769230769231
141,9,0.32967032967032966
141,10,0.5769230769230769
141,11,0.7733516483516484
141,12,0.8406593406593407
141,13,0.8406593406593407
141,14,0.8351648351648352
141,15,0.820054945054945
141,16,0.7458791208791209
141,17,0.5343406593406593
141,18,0.29945054945054944
141,19,0.21428571428571427
141,20,0.18543956043956045
141,21,0.1510989010989011
141,22,0.09478021978021978
141,23,0.04945054945054945
142,0,0.006868131868131868
142,1,0.0027472527472527475
142,2,0.0
142,3,0.0
142,4,0.0013736263736263737
142,5,0.0027472527472527475
142,6,0.005494505494505495
142,7,0.020604395604395604
142,8,0.03159340659340659
142,9,0.04395604395604396
142,10,0.05357142857142857
142,11,0.061813186813186816
142,12,0.059065934065934064
142,13,0.06593406593406594
142,14,0.06593406593406594
142,15,0.05631868131868132
142,16,0.06043956043956044
142,17,0.07417582417582418
142,18,0.07005494505494506
142,19,0.05631868131868132
142,20,0.038461538461538464
142,21,0.038461538461538464
142,22,0.02197802197802198
142,23,0.009615384615384616
143,0,0.1304945054945055
143,1,0.08516483516483517
143,2,0.04532967032967033
143,3,0.03021978021978022
143,4,0.03021978021978022
143,5,0.13598901098901098
143,6,0.17445054945054944
143,7,0.3585164835164835
143,8,0.5178571428571429
143,9,0.4807692307692308
143,10,0.6923076923076923
143,11,0.6043956043956044
143,12,0.6126373626373627
143,13,0.554945054945055
143,14,0.5535714285714286
143,15,0.5521978021978022
143,16,0.5810439560439561
143,17,0.6923076923076923
143,18,0.6277472527472527
143,19,0.5192307692307693
143,20,0.4010989010989011
143,21,0.33104395604395603
143,22,0.29945054945054944
143,23,0.19093406593406592
144,0,0.009615384615384616
144,1,0.005494505494505495
144,2,0.0027472527472527475
144,3,0.004120879120879121
144,4,0.006868131868131868
144,5,0.004120879120879121
144,6,0.009615384615384616
144,7,0.017857142857142856
144,8,0.04395604395604396
144,9,0.06043956043956044
144,10,0.0989010989010989
144,11,0.12774725274725274
144,12,0.21153846153846154
144,13,0.21428571428571427
144,14,0.20604395604395603
144,15,0.1771978021978022
144,16,0.1510989010989011
144,17,0.11538461538461539
144,18,0.09203296703296704
144,19,0.07142857142857142
144,20,0.059065934065934064
144,21,0.0521978021978022
144,22,0.04395604395604396
144,23,0.03021978021978022
145,0,0.023351648351648352
145,1,0.01098901098901099
145,2,0.0013736263736263737
145,3,0.0013736263736263737
145,4,0.0027472527472527475
145,5,0.0013736263736263737
145,6,0.005494505494505495
145,7,0.01098901098901099
145,8,0.024725274725274724
145,9,0.03708791208791209
145,10,0.06043956043956044
145,11,0.07417582417582418
145,12,0.09478021978021978
145,13,0.10714285714285714
145,14,0.11813186813186813
145,15,0.10989010989010989
145,16,0.11126373626373626
145,17,0.07692307692307693
145,18,0.0673076923076923
145,19,0.04945054945054945
145,20,0.050824175824175824
145,21,0.04532967032967033
145,22,0.027472527472527472
145,23,0.04120879120879121
146,0,0.020604395604395604
146,1,0.008241758241758242
146,2,0.006868131868131868
146,3,0.004120879120879121
146,4,0.004120879120879121
146,5,0.005494505494505495
146,6,0.009615384615384616
146,7,0.023351648351648352
146,8,0.03571428571428571
146,9,0.04395604395604396
146,10,0.08928571428571429
146,11,0.10714285714285714
146,12,0.0989010989010989
146,13,0.11126373626373626
146,14,0.10576923076923077
146,15,0.0989010989010989
146,16,0.11263736263736264
146,17,0.08379120879120878
146,18,0.04807692307692308
146,19,0.057692307692307696
146,20,0.06593406593406594
146,21,0.05357142857142857
146,22,0.05631868131868132
146,23,0.03708791208791209
147,0,0.06043956043956044
147,1,0.028846153846153848
147,2,0.019230769230769232
147,3,0.008241758241758242
147,4,0.019230769230769232
147,5,0.012362637362637362
147,6,0.03571428571428571
147,7,0.04807692307692308
147,8,0.07142857142857142
147,9,0.11401098901098901
147,10,0.24587912087912087
147,11,0.25824175824175827
147,12,0.2774725274725275
147,13,0.3159340659340659
147,14,0.36675824175824173
147,15,0.3447802197802198
147,16,0.3695054945054945
147,17,0.3118131868131868
147,18,0.1620879120879121
147,19,0.14148351648351648
147,20,0.125
147,21,0.1043956043956044
147,22,0.09615384615384616
147,23,0.10851648351648352
148,0,0.0
148,1,0.0
148,2,0.0
148,3,0.0013736263736263737
148,4,0.0
148,5,0.0
148,6,0.0
148,7,0.0
148,8,0.0
148,9,0.0013736263736263737
148,10,0.01510989010989011
148,11,0.03571428571428571
148,12,0.0782967032967033
148,13,0.11675824175824176
148,14,0.11263736263736264
148,15,0.09615384615384616
148,16,0.06868131868131869
148,17,0.042582417582417584
148,18,0.008241758241758242
148,19,0.006868131868131868
148,20,0.0027472527472527475
148,21,0.0013736263736263737
148,22,0.0013736263736263737
148,23,0.0013736263736263737
149,0,0.0
149,1,0.0013736263736263737
149,2,0.0013736263736263737
149,3,0.0
149,4,0.0
149,5,0.0
149,6,0.0
149,7,0.0027472527472527475
149,8,0.0027472527472527475
149,9,0.0
149,10,0.009615384615384616
149,11,0.012362637362637362
149,12,0.012362637362637362
149,13,0.028846153846153848
149,14,0.028846153846153848
149,15,0.019230769230769232
149,16,0.009615384615384616
149,17,0.01098901098901099
149,18,0.004120879120879121
149,19,0.004120879120879121
149,20,0.006868131868131868
149,21,0.004120879120879121
149,22,0.0027472527472527475
149,23,0.0013736263736263737
15,0,0.0260989010989011
15,1,0.023351648351648352
15,2,0.020604395604395604
15,3,0.016483516483516484
15,4,0.006868131868131868
15,5,0.03571428571428571
15,6,0.08104395604395605
15,7,0.10989010989010989
15,8,0.14697802197802198
15,9,0.19093406593406592
15,10,0.18406593406593408
15,11,0.24587912087912087
15,12,0.3173076923076923
15,13,0.39697802197802196
15,14,0.3956043956043956
15,15,0.3626373626373626
15,16,0.3159340659340659
15,17,0.2774725274725275
15,18,0.19505494505494506
15,19,0.14423076923076922
15,20,0.11675824175824176
15,21,0.08379120879120878
15,22,0.059065934065934064
15,23,0.04945054945054945
150,0,0.0013736263736263737
150,1,0.0
150,2,0.0
150,3,0.0
150,4,0.0013736263736263737
150,5,0.0
150,6,0.0013736263736263737
150,7,0.004120879120879121
150,8,0.0027472527472527475
150,9,0.004120879120879121
150,10,0.012362637362637362
150,11,0.02197802197802198
150,12,0.034340659340659344
150,13,0.07280219780219781
150,14,0.050824175824175824
150,15,0.046703296703296704
150,16,0.023351648351648352
150,17,0.034340659340659344
150,18,0.013736263736263736
150,19,0.006868131868131868
150,20,0.004120879120879121
150,21,0.0
150,22,0.005494505494505495
150,23,0.005494505494505495
151,0,0.008241758241758242
151,1,0.0
151,2,0.0027472527472527475
151,3,0.0
151,4,0.0013736263736263737
151,5,0.004120879120879121
151,6,0.0013736263736263737
151,7,0.005494505494505495
151,8,0.017857142857142856
151,9,0.019230769230769232
151,10,0.027472527472527472
151,11,0.06043956043956044
151,12,0.0782967032967033
151,13,0.11401098901098901
151,14,0.1346153846153846
151,15,0.1043956043956044
151,16,0.09752747252747253
151,17,0.07967032967032966
151,18,0.04945054945054945
151,19,0.03571428571428571
151,20,0.028846153846153848
151,21,0.019230769230769232
151,22,0.0260989010989011
151,23,0.019230769230769232
152,0,0.0027472527472527475
152,1,0.0027472527472527475
152,2,0.0027472527472527475
152,3,0.0013736263736263737
152,4,0.005494505494505495
152,5,0.012362637362637362
152,6,0.03296703296703297
152,7,0.050824175824175824
152,8,0.06318681318681318
152,9,0.08104395604395605
152,10,0.09615384615384616
152,11,0.12225274725274725
152,12,0.12362637362637363
152,13,0.10576923076923077
152,14,0.10302197802197802
152,15,0.10027472527472528
152,16,0.08928571428571429
152,17,0.12225274725274725
152,18,0.10851648351648352
152,19,0.08928571428571429
152,20,0.042582417582417584
152,21,0.020604395604395604
152,22,0.012362637362637362
152,23,0.012362637362637362
153,0,0.1304945054945055
153,1,0.0521978021978022
153,2,0.03571428571428571
153,3,0.017857142857142856
153,4,0.01510989010989011
153,5,0.06456043956043957
153,6,0.23214285714285715
153,7,0.364010989010989
153,8,0.6895604395604396
153,9,0.5412087912087912
153,10,0.5082417582417582
153,11,0.4697802197802198
153,12,0.5302197802197802
153,13,0.521978021978022
153,14,0.49862637362637363
153,15,0.49862637362637363
153,16,0.5782967032967034
153,17,0.804945054945055
153,18,0.8021978021978022
153,19,0.6071428571428571
153,20,0.5467032967032966
153,21,0.4519230769230769
153,22,0.32967032967032966
153,23,0.2239010989010989
154,0,0.1978021978021978
154,1,0.11263736263736264
154,2,0.09752747252747253
154,3,0.07967032967032966
154,4,0.04807692307692308
154,5,0.06043956043956044
154,6,0.11813186813186813
154,7,0.18269230769230768
154,8,0.32005494505494503
154,9,0.5027472527472527
154,10,0.4697802197802198
154,11,0.42857142857142855
154,12,0.5054945054945055
154,13,0.5233516483516484
154,14,0.5576923076923077
154,15,0.5247252747252747
154,16,0.614010989010989
154,17,0.7115384615384616
154,18,0.6854395604395604
154,19,0.5837912087912088
154,20,0.4945054945054945
154,21,0.41483516483516486
154,22,0.3118131868131868
154,23,0.2706043956043956
155,0,0.10851648351648352
155,1,0.08653846153846154
155,2,0.05631868131868132
155,3,0.059065934065934064
155,4,0.07417582417582418
155,5,0.10989010989010989
155,6,0.12225274725274725
155,7,0.14835164835164835
155,8,0.16346153846153846
155,9,0.26785714285714285
155,10,0.34065934065934067
155,11,0.44368131868131866
155,12,0.5315934065934066
155,13,0.4697802197802198
155,14,0.4326923076923077
155,15,0.5178571428571429
155,16,0.49038461538461536
155,17,0.40796703296703296
155,18,0.3475274725274725
155,19,0.32554945054945056
155,20,0.2802197802197802
155,21,0.21428571428571427
155,22,0.2087912087912088
155,23,0.15247252747252749
156,0,0.20467032967032966
156,1,0.18269230769230768
156,2,0.1304945054945055
156,3,0.08516483516483517
156,4,0.13186813186813187
156,5,0.14148351648351648
156,6,0.16895604395604397
156,7,0.16346153846153846
156,8,0.22527472527472528
156,9,0.3241758241758242
156,10,0.32142857142857145
156,11,0.3557692307692308
156,12,0.4258241758241758
156,13,0.46703296703296704
156,14,0.521978021978022
156,15,0.5837912087912088
156,16,0.4835164835164835
156,17,0.4381868131868132
156,18,0.4010989010989011
156,19,0.3956043956043956
156,20,0.41483516483516486
156,21,0.3804945054945055
156,22,0.2802197802197802
156,23,0.1936813186813187
157,0,0.04945054945054945
157,1,0.0260989010989011
157,2,0.016483516483516484
157,3,0.017857142857142856
157,4,0.019230769230769232
157,5,0.10302197802197802
157,6,0.23214285714285715
157,7,0.2664835164835165
157,8,0.30357142857142855
157,9,0.4848901098901099
157,10,0.5590659340659341
157,11,0.6071428571428571
157,12,0.625
157,13,0.7005494505494505
157,14,0.7651098901098901
157,15,0.7541208791208791
157,16,0.6936813186813187
157,17,0.5906593406593407
157,18,0.48214285714285715
157,19,0.3585164835164835
157,20,0.26373626373626374
157,21,0.23351648351648352
157,22,0.19093406593406592
157,23,0.10989010989010989
158,0,0.05357142857142857
158,1,0.03296703296703297
158,2,0.017857142857142856
158,3,0.01510989010989011
158,4,0.01098901098901099
158,5,0.019230769230769232
158,6,0.0521978021978022
158,7,0.12912087912087913
158,8,0.21978021978021978
158,9,0.2774725274725275
158,10,0.32554945054945056
158,11,0.3475274725274725
158,12,0.3282967032967033
158,13,0.3626373626373626
158,14,0.41346153846153844
158,15,0.41620879120879123
158,16,0.36813186813186816
158,17,0.3076923076923077
158,18,0.27884615384615385
158,19,0.25686813186813184
158,20,0.16071428571428573
158,21,0.1043956043956044
158,22,0.07005494505494506
158,23,0.08379120879120878
159,0,0.013736263736263736
159,1,0.013736263736263736
159,2,0.013736263736263736
159,3,0.017857142857142856
159,4,0.012362637362637362
159,5,0.019230769230769232
159,6,0.07142857142857142
159,7,0.09340659340659341
159,8,0.14560439560439561
159,9,0.18543956043956045
159,10,0.21978021978021978
159,11,0.20604395604395603
159,12,0.24175824175824176
159,13,0.3241758241758242
159,14,0.3159340659340659
159,15,0.2733516483516483
159,16,0.2651098901098901
159,17,0.26373626373626374
159,18,0.18681318681318682
159,19,0.12637362637362637
159,20,0.09203296703296704
159,21,0.059065934065934064
159,22,0.046703296703296704
159,23,0.038461538461538464
16,0,0.046703296703296704
16,1,0.023351648351648352
16,2,0.01098901098901099
16,3,0.01098901098901099
16,4,0.009615384615384616
16,5,0.01510989010989011
16,6,0.03571428571428571
16,7,0.08241758241758242
16,8,0.17857142857142858
16,9,0.20054945054945056
16,10,0.2664835164835165
16,11,0.3447802197802198
16,12,0.4807692307692308
16,13,0.5467032967032966
16,14,0.532967032967033
16,15,0.5467032967032966
16,16,0.4848901098901099
16,17,0.41895604395604397
16,18,0.3269230769230769
16,19,0.25961538461538464
16,20,0.1662087912087912
16,21,0.13324175824175824
16,22,0.12637362637362637
16,23,0.10714285714285714
160,0,0.01098901098901099
160,1,0.005494505494505495
160,2,0.0027472527472527475
160,3,0.0027472527472527475
160,4,0.005494505494505495
160,5,0.0027472527472527475
160,6,0.019230769230769232
160,7,0.038461538461538464
160,8,0.09065934065934066
160,9,0.12637362637362637
160,10,0.11263736263736264
160,11,0.15384615384615385
160,12,0.2802197802197802
160,13,0.18406593406593408
160,14,0.17582417582417584
160,15,0.18956043956043955
160,16,0.20054945054945056
160,17,0.13736263736263737
160,18,0.16758241758241757
160,19,0.0989010989010989
160,20,0.046703296703296704
160,21,0.03021978021978022
160,22,0.016483516483516484
160,23,0.0027472527472527475
161,0,0.07005494505494506
161,1,0.046703296703296704
161,2,0.027472527472527472
161,3,0.028846153846153848
161,4,0.017857142857142856
161,5,0.028846153846153848
161,6,0.125
161,7,0.17307692307692307
161,8,0.18406593406593408
161,9,0.28434065934065933
161,10,0.3173076923076923
161,11,0.3159340659340659
161,12,0.3475274725274725
161,13,0.32967032967032966
161,14,0.33653846153846156
161,15,0.41483516483516486
161,16,0.44642857142857145
161,17,0.46565934065934067
161,18,0.45467032967032966
161,19,0.45467032967032966
161,20,0.38186813186813184
161,21,0.3324175824175824
161,22,0.2403846153846154
161,23,0.14148351648351648
162,0,0.11950549450549451
162,1,0.06593406593406594
162,2,0.03983516483516483
162,3,0.04945054945054945
162,4,0.04532967032967033
162,5,0.07554945054945054
162,6,0.26373626373626374
162,7,0.3447802197802198
162,8,0.3695054945054945
162,9,0.5192307692307693
162,10,0.5714285714285714
162,11,0.6112637362637363
162,12,0.6510989010989011
162,13,0.5975274725274725
162,14,0.6208791208791209
162,15,0.6318681318681318
162,16,0.7032967032967034
162,17,0.7568681318681318
162,18,0.7362637362637363
162,19,0.635989010989011
162,20,0.532967032967033
162,21,0.45467032967032966
162,22,0.38461538461538464
162,23,0.21565934065934067
163,0,0.028846153846153848
163,1,0.0260989010989011
163,2,0.020604395604395604
163,3,0.017857142857142856
163,4,0.016483516483516484
163,5,0.04807692307692308
163,6,0.10714285714285714
163,7,0.20192307692307693
163,8,0.39972527472527475
163,9,0.554945054945055
163,10,0.5494505494505495
163,11,0.5934065934065934
163,12,0.6785714285714286
163,13,0.7458791208791209
163,14,0.7458791208791209
163,15,0.820054945054945
163,16,0.7994505494505495
163,17,0.6758241758241759
163,18,0.5563186813186813
163,19,0.49862637362637363
163,20,0.5192307692307693
163,21,0.43131868131868134
163,22,0.2129120879120879
163,23,0.07692307692307693
164,0,0.027472527472527472
164,1,0.02197802197802198
164,2,0.009615384615384616
164,3,0.016483516483516484
164,4,0.023351648351648352
164,5,0.03159340659340659
164,6,0.061813186813186816
164,7,0.07005494505494506
164,8,0.13598901098901098
164,9,0.18956043956043955
164,10,0.18269230769230768
164,11,0.22115384615384615
164,12,0.31043956043956045
164,13,0.3076923076923077
164,14,0.30631868131868134
164,15,0.31868131868131866
164,16,0.31868131868131866
164,17,0.3173076923076923
164,18,0.25961538461538464
164,19,0.21016483516483517
164,20,0.13324175824175824
164,21,0.12912087912087913
164,22,0.09203296703296704
164,23,0.03296703296703297
165,0,0.054945054945054944
165,1,0.059065934065934064
165,2,0.057692307692307696
165,3,0.07692307692307693
165,4,0.08379120879120878
165,5,0.07280219780219781
165,6,0.09340659340659341
165,7,0.14423076923076922
165,8,0.2706043956043956
165,9,0.3434065934065934
165,10,0.3516483516483517
165,11,0.40384615384615385
165,12,0.5302197802197802
165,13,0.4958791208791209
165,14,0.5398351648351648
165,15,0.5769230769230769
165,16,0.5508241758241759
165,17,0.5068681318681318
165,18,0.42445054945054944
165,19,0.3090659340659341
165,20,0.2651098901098901
165,21,0.23351648351648352
165,22,0.1565934065934066
165,23,0.1043956043956044
166,0,0.02197802197802198
166,1,0.012362637362637362
166,2,0.013736263736263736
166,3,0.009615384615384616
166,4,0.013736263736263736
166,5,0.028846153846153848
166,6,0.07280219780219781
166,7,0.11813186813186813
166,8,0.27472527472527475
166,9,0.39285714285714285
166,10,0.3942307692307692
166,11,0.4175824175824176
166,12,0.46016483516483514
166,13,0.5576923076923077
166,14,0.5947802197802198
166,15,0.5535714285714286
166,16,0.510989010989011
166,17,0.49862637362637363
166,18,0.34615384615384615
166,19,0.23763736263736263
166,20,0.19093406593406592
166,21,0.16071428571428573
166,22,0.12774725274725274
166,23,0.057692307692307696
167,0,0.006868131868131868
167,1,0.006868131868131868
167,2,0.006868131868131868
167,3,0.006868131868131868
167,4,0.006868131868131868
167,5,0.009615384615384616
167,6,0.019230769230769232
167,7,0.04532967032967033
167,8,0.0782967032967033
167,9,0.07142857142857142
167,10,0.08791208791208792
167,11,0.09752747252747253
167,12,0.09340659340659341
167,13,0.11813186813186813
167,14,0.10576923076923077
167,15,0.07280219780219781
167,16,0.06593406593406594
167,17,0.04807692307692308
167,18,0.020604395604395604
167,19,0.01098901098901099
167,20,0.006868131868131868
167,21,0.006868131868131868
167,22,0.006868131868131868
167,23,0.008241758241758242
168,0,0.0
168,1,0.0
168,2,0.0
168,3,0.0013736263736263737
168,4,0.0013736263736263737
168,5,0.0
168,6,0.006868131868131868
168,7,0.03296703296703297
168,8,0.03708791208791209
168,9,0.06456043956043957
168,10,0.0673076923076923
168,11,0.06456043956043957
168,12,0.057692307692307696
168,13,0.054945054945054944
168,14,0.05357142857142857
168,15,0.059065934065934064
168,16,0.042582417582417584
168,17,0.02197802197802198
168,18,0.01098901098901099
168,19,0.009615384615384616
168,20,0.004120879120879121
168,21,0.0
168,22,0.0
168,23,0.0013736263736263737
169,0,0.017857142857142856
169,1,0.012362637362637362
169,2,0.008241758241758242
169,3,0.004120879120879121
169,4,0.005494505494505495
169,5,0.017857142857142856
169,6,0.07967032967032966
169,7,0.14285714285714285
169,8,0.25686813186813184
169,9,0.364010989010989
169,10,0.4876373626373626
169,11,0.510989010989011
169,12,0.5728021978021978
169,13,0.5796703296703297
169,14,0.5604395604395604
169,15,0.5151098901098901
169,16,0.4478021978021978
169,17,0.29395604395604397
169,18,0.13186813186813187
169,19,0.046703296703296704
169,20,0.03159340659340659
169,21,0.024725274725274724
169,22,0.0260989010989011
169,23,0.020604395604395604
17,0,0.050824175824175824
17,1,0.04120879120879121
17,2,0.017857142857142856
17,3,0.004120879120879121
17,4,0.008241758241758242
17,5,0.03021978021978022
17,6,0.03708791208791209
17,7,0.09478021978021978
17,8,0.39972527472527475
17,9,0.1620879120879121
17,10,0.14835164835164835
17,11,0.23076923076923078
17,12,0.3131868131868132
17,13,0.3434065934065934
17,14,0.375
17,15,0.36813186813186816
17,16,0.36813186813186816
17,17,0.3434065934065934
17,18,0.22802197802197802
17,19,0.1717032967032967
17,20,0.11813186813186813
17,21,0.16758241758241757
17,22,0.12637362637362637
17,23,0.07280219780219781
170,0,0.01098901098901099
170,1,0.0027472527472527475
170,2,0.0027472527472527475
170,3,0.004120879120879121
170,4,0.0
170,5,0.0
170,6,0.013736263736263736
170,7,0.03159340659340659
170,8,0.0673076923076923
170,9,0.06868131868131869
170,10,0.09478021978021978
170,11,0.10164835164835165
170,12,0.06318681318681318
170,13,0.08241758241758242
170,14,0.09065934065934066
170,15,0.10576923076923077
170,16,0.07692307692307693
170,17,0.07142857142857142
170,18,0.07417582417582418
170,19,0.04532967032967033
170,20,0.034340659340659344
170,21,0.03571428571428571
170,22,0.020604395604395604
170,23,0.019230769230769232
171,0,0.023351648351648352
171,1,0.01098901098901099
171,2,0.006868131868131868
171,3,0.009615384615384616
171,4,0.012362637362637362
171,5,0.10302197802197802
171,6,0.13873626373626374
171,7,0.16071428571428573
171,8,0.29395604395604397
171,9,0.34203296703296704
171,10,0.4258241758241758
171,11,0.4739010989010989
171,12,0.5260989010989011
171,13,0.5123626373626373
171,14,0.5068681318681318
171,15,0.47527472527472525
171,16,0.4876373626373626
171,17,0.4409340659340659
171,18,0.36675824175824173
171,19,0.28708791208791207
171,20,0.22664835164835165
171,21,0.16895604395604397
171,22,0.1043956043956044
171,23,0.046703296703296704
172,0,0.0027472527472527475
172,1,0.0
172,2,0.0
172,3,0.0
172,4,0.0
172,5,0.0013736263736263737
172,6,0.0013736263736263737
172,7,0.006868131868131868
172,8,0.020604395604395604
172,9,0.0521978021978022
172,10,0.06043956043956044
172,11,0.061813186813186816
172,12,0.05631868131868132
172,13,0.04532967032967033
172,14,0.06318681318681318
172,15,0.061813186813186816
172,16,0.08379120879120878
172,17,0.07142857142857142
172,18,0.05631868131868132
172,19,0.03983516483516483
172,20,0.03708791208791209
172,21,0.019230769230769232
172,22,0.012362637362637362
172,23,0.008241758241758242
173,0,0.01098901098901099
173,1,0.0027472527472527475
173,2,0.0
173,3,0.0
173,4,0.0027472527472527475
173,5,0.009615384615384616
173,6,0.016483516483516484
173,7,0.03159340659340659
173,8,0.08379120879120878
173,9,0.1304945054945055
173,10,0.1401098901098901
173,11,0.125
173,12,0.12774725274725274
173,13,0.1620879120879121
173,14,0.1510989010989011
173,15,0.18543956043956045
173,16,0.19093406593406592
173,17,0.1717032967032967
173,18,0.17857142857142858
173,19,0.15384615384615385
173,20,0.10164835164835165
173,21,0.06868131868131869
173,22,0.06318681318681318
173,23,0.0260989010989011
174,0,0.02197802197802198
174,1,0.024725274725274724
174,2,0.01098901098901099
174,3,0.0
174,4,0.0027472527472527475
174,5,0.005494505494505495
174,6,0.038461538461538464
174,7,0.09340659340659341
174,8,0.21428571428571427
174,9,0.32142857142857145
174,10,0.3131868131868132
174,11,0.40384615384615385
174,12,0.41483516483516486
174,13,0.3434065934065934
174,14,0.33791208791208793
174,15,0.3516483516483517
174,16,0.3956043956043956
174,17,0.3708791208791209
174,18,0.35714285714285715
174,19,0.3159340659340659
174,20,0.23901098901098902
174,21,0.1978021978021978
174,22,0.1620879120879121
174,23,0.08516483516483517
175,0,0.2664835164835165
175,1,0.11263736263736264
175,2,0.04120879120879121
175,3,0.01510989010989011
175,4,0.03021978021978022
175,5,0.09065934065934066
175,6,0.25961538461538464
175,7,0.3901098901098901
175,8,0.43956043956043955
175,9,0.47527472527472525
175,10,0.3901098901098901
175,11,0.42857142857142855
175,12,0.5233516483516484
175,13,0.42445054945054944
175,14,0.39697802197802196
175,15,0.44505494505494503
175,16,0.489010989010989
175,17,0.5412087912087912
175,18,0.6868131868131868
175,19,0.6277472527472527
175,20,0.532967032967033
175,21,0.5096153846153846
175,22,0.4642857142857143
175,23,0.4381868131868132
176,0,0.1401098901098901
176,1,0.08791208791208792
176,2,0.07967032967032966
176,3,0.06593406593406594
176,4,0.04945054945054945
176,5,0.09203296703296704
176,6,0.15934065934065933
176,7,0.25961538461538464
176,8,0.42445054945054944
176,9,0.5906593406593407
176,10,0.6277472527472527
176,11,0.614010989010989
176,12,0.6016483516483516
176,13,0.6552197802197802
176,14,0.6538461538461539
176,15,0.717032967032967
176,16,0.7596153846153846
176,17,0.7925824175824175
176,18,0.7225274725274725
176,19,0.5975274725274725
176,20,0.5315934065934066
176,21,0.5192307692307693
176,22,0.3983516483516483
176,23,0.2554945054945055
177,0,0.08516483516483517
177,1,0.04532967032967033
177,2,0.013736263736263736
177,3,0.005494505494505495
177,4,0.020604395604395604
177,5,0.09340659340659341
177,6,0.22664835164835165
177,7,0.4423076923076923
177,8,0.6826923076923077
177,9,0.7541208791208791
177,10,0.6304945054945055
177,11,0.6318681318681318
177,12,0.6442307692307693
177,13,0.6181318681318682
177,14,0.6318681318681318
177,15,0.6428571428571429
177,16,0.7087912087912088
177,17,0.7527472527472527
177,18,0.6771978021978022
177,19,0.5068681318681318
177,20,0.375
177,21,0.30631868131868134
177,22,0.2403846153846154
177,23,0.13736263736263737
178,0,0.08379120879120878
178,1,0.06456043956043957
178,2,0.04807692307692308
178,3,0.03983516483516483
178,4,0.03571428571428571
178,5,0.08928571428571429
178,6,0.14697802197802198
178,7,0.15796703296703296
178,8,0.20604395604395603
178,9,0.31868131868131866
178,10,0.40384615384615385
178,11,0.39285714285714285
178,12,0.33653846153846156
178,13,0.34615384615384615
178,14,0.35714285714285715
178,15,0.40934065934065933
178,16,0.4409340659340659
178,17,0.46016483516483514
178,18,0.41620879120879123
178,19,0.3434065934065934
178,20,0.20054945054945056
178,21,0.19917582417582416
178,22,0.15247252747252749
178,23,0.0989010989010989
179,0,0.09340659340659341
179,1,0.08653846153846154
179,2,0.03021978021978022
179,3,0.020604395604395604
179,4,0.034340659340659344
179,5,0.13324175824175824
179,6,0.2967032967032967
179,7,0.35714285714285715
179,8,0.27884615384615385
179,9,0.40384615384615385
179,10,0.4258241758241758
179,11,0.3708791208791209
179,12,0.3598901098901099
179,13,0.3873626373626374
179,14,0.3626373626373626
179,15,0.39697802197802196
179,16,0.46565934065934067
179,17,0.4574175824175824
179,18,0.47802197802197804
179,19,0.39285714285714285
179,20,0.3173076923076923
179,21,0.3159340659340659
179,22,0.2348901098901099
179,23,0.13186813186813187
18,0,0.017857142857142856
18,1,0.01098901098901099
18,2,0.006868131868131868
18,3,0.008241758241758242
18,4,0.005494505494505495
18,5,0.0013736263736263737
18,6,0.020604395604395604
18,7,0.059065934065934064
18,8,0.12087912087912088
18,9,0.11538461538461539
18,10,0.14148351648351648
18,11,0.14148351648351648
18,12,0.1565934065934066
18,13,0.1978021978021978
18,14,0.2445054945054945
18,15,0.25961538461538464
18,16,0.24862637362637363
18,17,0.24725274725274726
18,18,0.19505494505494506
18,19,0.13186813186813187
18,20,0.08791208791208792
18,21,0.13324175824175824
18,22,0.14148351648351648
18,23,0.038461538461538464
180,0,0.04807692307692308
180,1,0.03296703296703297
180,2,0.012362637362637362
180,3,0.009615384615384616
180,4,0.009615384615384616
180,5,0.06456043956043957
180,6,0.22664835164835165
180,7,0.2554945054945055
180,8,0.2733516483516483
180,9,0.3626373626373626
180,10,0.4684065934065934
180,11,0.5618131868131868
180,12,0.6401098901098901
180,13,0.6510989010989011
180,14,0.6881868131868132
180,15,0.7074175824175825
180,16,0.7087912087912088
180,17,0.717032967032967
180,18,0.646978021978022
180,19,0.5041208791208791
180,20,0.3873626373626374
180,21,0.3008241758241758
180,22,0.23626373626373626
180,23,0.12637362637362637
181,0,0.0027472527472527475
181,1,0.0
181,2,0.0013736263736263737
181,3,0.0
181,4,0.0
181,5,0.0
181,6,0.0027472527472527475
181,7,0.006868131868131868
181,8,0.10027472527472528
181,9,0.12637362637362637
181,10,0.059065934065934064
181,11,0.054945054945054944
181,12,0.06456043956043957
181,13,0.08791208791208792
181,14,0.0782967032967033
181,15,0.07005494505494506
181,16,0.04807692307692308
181,17,0.03571428571428571
181,18,0.03571428571428571
181,19,0.01510989010989011
181,20,0.012362637362637362
181,21,0.0027472527472527475
181,22,0.0013736263736263737
181,23,0.004120879120879121
182,0,0.005494505494505495
182,1,0.004120879120879121
182,2,0.0
182,3,0.0
182,4,0.004120879120879121
182,5,0.0027472527472527475
182,6,0.01098901098901099
182,7,0.012362637362637362
182,8,0.016483516483516484
182,9,0.07005494505494506
182,10,0.10989010989010989
182,11,0.08791208791208792
182,12,0.11538461538461539
182,13,0.10989010989010989
182,14,0.08241758241758242
182,15,0.0782967032967033
182,16,0.09203296703296704
182,17,0.06456043956043957
182,18,0.04395604395604396
182,19,0.03983516483516483
182,20,0.038461538461538464
182,21,0.016483516483516484
182,22,0.013736263736263736
182,23,0.008241758241758242
183,0,0.0013736263736263737
183,1,0.0013736263736263737
183,2,0.0013736263736263737
183,3,0.0
183,4,0.0
183,5,0.005494505494505495
183,6,0.024725274725274724
183,7,0.06318681318681318
183,8,0.10851648351648352
183,9,0.15796703296703296
183,10,0.10851648351648352
183,11,0.09065934065934066
183,12,0.1662087912087912
183,13,0.1401098901098901
183,14,0.13324175824175824
183,15,0.10714285714285714
183,16,0.125
183,17,0.07692307692307693
183,18,0.04945054945054945
183,19,0.03571428571428571
183,20,0.012362637362637362
183,21,0.013736263736263736
183,22,0.0013736263736263737
183,23,0.0027472527472527475
184,0,0.0782967032967033
184,1,0.08653846153846154
184,2,0.061813186813186816
184,3,0.02197802197802198
184,4,0.016483516483516484
184,5,0.04532967032967033
184,6,0.18543956043956045
184,7,0.37362637362637363
184,8,0.4230769230769231
184,9,0.41620879120879123
184,10,0.41208791208791207
184,11,0.4574175824175824
184,12,0.4258241758241758
184,13,0.4010989010989011
184,14,0.4381868131868132
184,15,0.43131868131868134
184,16,0.4519230769230769
184,17,0.5604395604395604
184,18,0.5659340659340659
184,19,0.5096153846153846
184,20,0.42857142857142855
184,21,0.3516483516483517
184,22,0.23763736263736263
184,23,0.14697802197802198
185,0,0.034340659340659344
185,1,0.017857142857142856
185,2,0.01098901098901099
185,3,0.016483516483516484
185,4,0.017857142857142856
185,5,0.024725274725274724
185,6,0.03296703296703297
185,7,0.0521978021978022
185,8,0.10027472527472528
185,9,0.10027472527472528
185,10,0.14148351648351648
185,11,0.17307692307692307
185,12,0.2087912087912088
185,13,0.18406593406593408
185,14,0.21565934065934067
185,15,0.22802197802197802
185,16,0.19230769230769232
185,17,0.1978021978021978
185,18,0.15521978021978022
185,19,0.15384615384615385
185,20,0.11675824175824176
185,21,0.0989010989010989
185,22,0.07280219780219781
185,23,0.0521978021978022
186,0,0.02197802197802198
186,1,0.016483516483516484
186,2,0.023351648351648352
186,3,0.020604395604395604
186,4,0.012362637362637362
186,5,0.0521978021978022
186,6,0.18956043956043955
186,7,0.0989010989010989
186,8,0.07005494505494506
186,9,0.0989010989010989
186,10,0.1510989010989011
186,11,0.17445054945054944
186,12,0.21428571428571427
186,13,0.1717032967032967
186,14,0.2032967032967033
186,15,0.19917582417582416
186,16,0.15247252747252749
186,17,0.1620879120879121
186,18,0.15247252747252749
186,19,0.1346153846153846
186,20,0.12362637362637363
186,21,0.08653846153846154
186,22,0.04807692307692308
186,23,0.03021978021978022
187,0,0.04395604395604396
187,1,0.028846153846153848
187,2,0.013736263736263736
187,3,0.017857142857142856
187,4,0.020604395604395604
187,5,0.020604395604395604
187,6,0.042582417582417584
187,7,0.08791208791208792
187,8,0.14835164835164835
187,9,0.23901098901098902
187,10,0.31456043956043955
187,11,0.2925824175824176
187,12,0.3241758241758242
187,13,0.3695054945054945
187,14,0.4107142857142857
187,15,0.4052197802197802
187,16,0.3489010989010989
187,17,0.32967032967032966
187,18,0.2815934065934066
187,19,0.23763736263736263
187,20,0.20054945054945056
187,21,0.1813186813186813
187,22,0.13598901098901098
187,23,0.0782967032967033
188,0,0.03296703296703297
188,1,0.023351648351648352
188,2,0.01098901098901099
188,3,0.01098901098901099
188,4,0.02197802197802198
188,5,0.06043956043956044
188,6,0.22115384615384615
188,7,0.15247252747252749
188,8,0.16346153846153846
188,9,0.19917582417582416
188,10,0.2802197802197802
188,11,0.2774725274725275
188,12,0.25137362637362637
188,13,0.21703296703296704
188,14,0.28708791208791207
188,15,0.27472527472527475
188,16,0.260989010989011
188,17,0.22252747252747251
188,18,0.19230769230769232
188,19,0.20467032967032966
188,20,0.1771978021978022
188,21,0.15521978021978022
188,22,0.14148351648351648
188,23,0.08241758241758242
189,0,0.0027472527472527475
189,1,0.0027472527472527475
189,2,0.0
189,3,0.0
189,4,0.0
189,5,0.0027472527472527475
189,6,0.008241758241758242
189,7,0.013736263736263736
189,8,0.019230769230769232
189,9,0.04945054945054945
189,10,0.07967032967032966
189,11,0.07692307692307693
189,12,0.09615384615384616
189,13,0.09615384615384616
189,14,0.09340659340659341
189,15,0.1401098901098901
189,16,0.08791208791208792
189,17,0.07692307692307693
189,18,0.06868131868131869
189,19,0.054945054945054944
189,20,0.08241758241758242
189,21,0.08516483516483517
189,22,0.027472527472527472
189,23,0.008241758241758242
19,0,0.013736263736263736
19,1,0.013736263736263736
19,2,0.008241758241758242
19,3,0.004120879120879121
19,4,0.0027472527472527475
19,5,0.005494505494505495
19,6,0.008241758241758242
19,7,0.03296703296703297
19,8,0.06868131868131869
19,9,0.10576923076923077
19,10,0.12774725274725274
19,11,0.21703296703296704
19,12,0.1771978021978022
19,13,0.16895604395604397
19,14,0.11950549450549451
19,15,0.14285714285714285
19,16,0.11126373626373626
19,17,0.11126373626373626
19,18,0.11401098901098901
19,19,0.10164835164835165
19,20,0.09065934065934066
19,21,0.06868131868131869
19,22,0.034340659340659344
19,23,0.019230769230769232
190,0,0.008241758241758242
190,1,0.008241758241758242
190,2,0.005494505494505495
190,3,0.004120879120879121
190,4,0.008241758241758242
190,5,0.006868131868131868
190,6,0.0260989010989011
190,7,0.05357142857142857
190,8,0.11263736263736264
190,9,0.13324175824175824
190,10,0.14560439560439561
190,11,0.1565934065934066
190,12,0.1565934065934066
190,13,0.16895604395604397
190,14,0.14972527472527472
190,15,0.14972527472527472
190,16,0.16346153846153846
190,17,0.18269230769230768
190,18,0.17445054945054944
190,19,0.12225274725274725
190,20,0.08241758241758242
190,21,0.03021978021978022
190,22,0.013736263736263736
190,23,0.01098901098901099
191,0,0.06593406593406594
191,1,0.03571428571428571
191,2,0.019230769230769232
191,3,0.012362637362637362
191,4,0.006868131868131868
191,5,0.005494505494505495
191,6,0.08379120879120878
191,7,0.10164835164835165
191,8,0.18681318681318682
191,9,0.2403846153846154
191,10,0.1771978021978022
191,11,0.19230769230769232
191,12,0.2239010989010989
191,13,0.20054945054945056
191,14,0.23763736263736263
191,15,0.24587912087912087
191,16,0.22939560439560439
191,17,0.19093406593406592
191,18,0.2087912087912088
191,19,0.17032967032967034
191,20,0.15796703296703296
191,21,0.14835164835164835
191,22,0.11813186813186813
191,23,0.09340659340659341
192,0,0.013736263736263736
192,1,0.01098901098901099
192,2,0.008241758241758242
192,3,0.0013736263736263737
192,4,0.0013736263736263737
192,5,0.005494505494505495
192,6,0.05631868131868132
192,7,0.11263736263736264
192,8,0.13186813186813187
192,9,0.16071428571428573
192,10,0.17582417582417584
192,11,0.22252747252747251
192,12,0.26785714285714285
192,13,0.2032967032967033
192,14,0.1936813186813187
192,15,0.1813186813186813
192,16,0.16071428571428573
192,17,0.17994505494505494
192,18,0.2445054945054945
192,19,0.18818681318681318
192,20,0.14285714285714285
192,21,0.09752747252747253
192,22,0.06593406593406594
192,23,0.03021978021978022
193,0,0.013736263736263736
193,1,0.016483516483516484
193,2,0.013736263736263736
193,3,0.01098901098901099
193,4,0.024725274725274724
193,5,0.027472527472527472
193,6,0.04395604395604396
193,7,0.06043956043956044
193,8,0.11538461538461539
193,9,0.14560439560439561
193,10,0.14835164835164835
193,11,0.1620879120879121
193,12,0.1510989010989011
193,13,0.17307692307692307
193,14,0.1978021978021978
193,15,0.18406593406593408
193,16,0.19505494505494506
193,17,0.23076923076923078
193,18,0.21428571428571427
193,19,0.15384615384615385
193,20,0.11813186813186813
193,21,0.12087912087912088
193,22,0.12362637362637363
193,23,0.06318681318681318
194,0,0.019230769230769232
194,1,0.005494505494505495
194,2,0.0
194,3,0.0
194,4,0.0
194,5,0.008241758241758242
194,6,0.024725274725274724
194,7,0.04945054945054945
194,8,0.11813186813186813
194,9,0.21153846153846154
194,10,0.2554945054945055
194,11,0.3021978021978022
194,12,0.32967032967032966
194,13,0.3516483516483517
194,14,0.2664835164835165
194,15,0.260989010989011
194,16,0.33516483516483514
194,17,0.2802197802197802
194,18,0.3021978021978022
194,19,0.21978021978021978
194,20,0.1510989010989011
194,21,0.06318681318681318
194,22,0.07692307692307693
194,23,0.03296703296703297
195,0,0.01098901098901099
195,1,0.01098901098901099
195,2,0.01098901098901099
195,3,0.01098901098901099
195,4,0.01098901098901099
195,5,0.01098901098901099
195,6,0.01098901098901099
195,7,0.01098901098901099
195,8,0.03983516483516483
195,9,0.05631868131868132
195,10,0.06318681318681318
195,11,0.11950549450549451
195,12,0.1510989010989011
195,13,0.13736263736263737
195,14,0.15934065934065933
195,15,0.1565934065934066
195,16,0.11675824175824176
195,17,0.0521978021978022
195,18,0.01510989010989011
195,19,0.01098901098901099
195,20,0.01098901098901099
195,21,0.01098901098901099
195,22,0.01098901098901099
195,23,0.01098901098901099
196,0,0.0
196,1,0.0
196,2,0.0
196,3,0.0
196,4,0.0
196,5,0.0
196,6,0.0
196,7,0.0027472527472527475
196,8,0.0260989010989011
196,9,0.07005494505494506
196,10,0.12087912087912088
196,11,0.14835164835164835
196,12,0.15796703296703296
196,13,0.14148351648351648
196,14,0.1813186813186813
196,15,0.18681318681318682
196,16,0.15247252747252749
196,17,0.04945054945054945
196,18,0.0013736263736263737
196,19,0.0
196,20,0.0
196,21,0.0
196,22,0.0
196,23,0.0
197,0,0.04532967032967033
197,1,0.038461538461538464
197,2,0.024725274725274724
197,3,0.020604395604395604
197,4,0.038461538461538464
197,5,0.08241758241758242
197,6,0.14285714285714285
197,7,0.26373626373626374
197,8,0.375
197,9,0.49725274725274726
197,10,0.49038461538461536
197,11,0.5370879120879121
197,12,0.6002747252747253
197,13,0.5631868131868132
197,14,0.5068681318681318
197,15,0.521978021978022
197,16,0.5769230769230769
197,17,0.5425824175824175
197,18,0.5054945054945055
197,19,0.4409340659340659
197,20,0.35302197802197804
197,21,0.29945054945054944
197,22,0.17445054945054944
197,23,0.11401098901098901
198,0,0.0027472527472527475
198,1,0.0
198,2,0.0
198,3,0.0
198,4,0.0
198,5,0.0
198,6,0.0
198,7,0.005494505494505495
198,8,0.01510989010989011
198,9,0.020604395604395604
198,10,0.020604395604395604
198,11,0.06043956043956044
198,12,0.09340659340659341
198,13,0.07005494505494506
198,14,0.042582417582417584
198,15,0.03571428571428571
198,16,0.03571428571428571
198,17,0.028846153846153848
198,18,0.019230769230769232
198,19,0.012362637362637362
198,20,0.012362637362637362
198,21,0.013736263736263736
198,22,0.005494505494505495
198,23,0.0027472527472527475
199,0,0.009615384615384616
199,1,0.0027472527472527475
199,2,0.0013736263736263737
199,3,0.0013736263736263737
199,4,0.0013736263736263737
199,5,0.0013736263736263737
199,6,0.009615384615384616
199,7,0.023351648351648352
199,8,0.07967032967032966
199,9,0.14972527472527472
199,10,0.14697802197802198
199,11,0.14972527472527472
199,12,0.1936813186813187
199,13,0.19230769230769232
199,14,0.1662087912087912
199,15,0.1510989010989011
199,16,0.11538461538461539
199,17,0.10027472527472528
199,18,0.061813186813186816
199,19,0.034340659340659344
199,20,0.038461538461538464
199,21,0.042582417582417584
199,22,0.024725274725274724
199,23,0.017857142857142856
2,0,0.004120879120879121
2,1,0.0027472527472527475
2,2,0.0013736263736263737
2,3,0.0027472527472527475
2,4,0.0
2,5,0.004120879120879121
2,6,0.013736263736263736
2,7,0.019230769230769232
2,8,0.024725274725274724
2,9,0.028846153846153848
2,10,0.04807692307692308
2,11,0.06868131868131869
2,12,0.11813186813186813
2,13,0.125
2,14,0.10989010989010989
2,15,0.08653846153846154
2,16,0.05631868131868132
2,17,0.04807692307692308
2,18,0.04945054945054945
2,19,0.04532967032967033
2,20,0.03571428571428571
2,21,0.03296703296703297
2,22,0.017857142857142856
2,23,0.0027472527472527475
20,0,0.016483516483516484
20,1,0.01510989010989011
20,2,0.0027472527472527475
20,3,0.004120879120879121
20,4,0.0027472527472527475
20,5,0.004120879120879121
20,6,0.023351648351648352
20,7,0.09478021978021978
20,8,0.21978021978021978
20,9,0.18406593406593408
20,10,0.10576923076923077
20,11,0.11813186813186813
20,12,0.13186813186813187
20,13,0.10851648351648352
20,14,0.08928571428571429
20,15,0.10576923076923077
20,16,0.10851648351648352
20,17,0.10027472527472528
20,18,0.07554945054945054
20,19,0.08379120879120878
20,20,0.08241758241758242
20,21,0.03571428571428571
20,22,0.024725274725274724
20,23,0.0260989010989011
200,0,0.034340659340659344
200,1,0.028846153846153848
200,2,0.013736263736263736
200,3,0.008241758241758242
200,4,0.020604395604395604
200,5,0.027472527472527472
200,6,0.07554945054945054
200,7,0.21978021978021978
200,8,0.375
200,9,0.5659340659340659
200,10,0.7266483516483516
200,11,0.6497252747252747
200,12,0.5769230769230769
200,13,0.695054945054945
200,14,0.7582417582417582
200,15,0.875
200,16,0.8557692307692307
200,17,0.7032967032967034
200,18,0.46291208791208793
200,19,0.34615384615384615
200,20,0.25274725274725274
200,21,0.17032967032967034
200,22,0.11126373626373626
200,23,0.04945054945054945
201,0,0.0673076923076923
201,1,0.06043956043956044
201,2,0.038461538461538464
201,3,0.01098901098901099
201,4,0.03021978021978022
201,5,0.042582417582417584
201,6,0.06593406593406594
201,7,0.13324175824175824
201,8,0.22252747252747251
201,9,0.3983516483516483
201,10,0.5480769230769231
201,11,0.48626373626373626
201,12,0.4423076923076923
201,13,0.5260989010989011
201,14,0.6387362637362637
201,15,0.7486263736263736
201,16,0.75
201,17,0.6730769230769231
201,18,0.46291208791208793
201,19,0.30494505494505497
201,20,0.1936813186813187
201,21,0.15384615384615385
201,22,0.11263736263736264
201,23,0.08516483516483517
202,0,0.046703296703296704
202,1,0.03571428571428571
202,2,0.016483516483516484
202,3,0.009615384615384616
202,4,0.012362637362637362
202,5,0.03159340659340659
202,6,0.06456043956043957
202,7,0.13873626373626374
202,8,0.2664835164835165
202,9,0.489010989010989
202,10,0.6483516483516484
202,11,0.5851648351648352
202,12,0.510989010989011
202,13,0.625
202,14,0.7101648351648352
202,15,0.7692307692307693
202,16,0.7788461538461539
202,17,0.6607142857142857
202,18,0.4766483516483517
202,19,0.40384615384615385
202,20,0.26785714285714285
202,21,0.15247252747252749
202,22,0.0782967032967033
202,23,0.050824175824175824
203,0,0.016483516483516484
203,1,0.01098901098901099
203,2,0.01098901098901099
203,3,0.01098901098901099
203,4,0.01098901098901099
203,5,0.01098901098901099
203,6,0.019230769230769232
203,7,0.06456043956043957
203,8,0.1510989010989011
203,9,0.26785714285714285
203,10,0.29945054945054944
203,11,0.23076923076923078
203,12,0.22802197802197802
203,13,0.23763736263736263
203,14,0.31868131868131866
203,15,0.3695054945054945
203,16,0.3489010989010989
203,17,0.2925824175824176
203,18,0.2087912087912088
203,19,0.17857142857142858
203,20,0.1620879120879121
203,21,0.10989010989010989
203,22,0.08516483516483517
203,23,0.04532967032967033
204,0,0.005494505494505495
204,1,0.0013736263736263737
204,2,0.0
204,3,0.0
204,4,0.0
204,5,0.0013736263736263737
204,6,0.03571428571428571
204,7,0.06318681318681318
204,8,0.1401098901098901
204,9,0.23626373626373626
204,10,0.23351648351648352
204,11,0.3557692307692308
204,12,0.35302197802197804
204,13,0.31456043956043955
204,14,0.3173076923076923
204,15,0.31456043956043955
204,16,0.28434065934065933
204,17,0.2774725274725275
204,18,0.18269230769230768
204,19,0.1346153846153846
204,20,0.15247252747252749
204,21,0.13736263736263737
204,22,0.06043956043956044
204,23,0.028846153846153848
205,0,0.11675824175824176
205,1,0.061813186813186816
205,2,0.04807692307692308
205,3,0.04945054945054945
205,4,0.04945054945054945
205,5,0.06593406593406594
205,6,0.12087912087912088
205,7,0.21703296703296704
205,8,0.4409340659340659
205,9,0.6497252747252747
205,10,0.603021978021978
205,11,0.6043956043956044
205,12,0.6964285714285714
205,13,0.7760989010989011
205,14,0.8131868131868132
205,15,0.885989010989011
205,16,0.8736263736263736
205,17,0.8159340659340659
205,18,0.7651098901098901
205,19,0.7541208791208791
205,20,0.7046703296703297
205,21,0.6689560439560439
205,22,0.49313186813186816
205,23,0.3076923076923077
206,0,0.07005494505494506
206,1,0.042582417582417584
206,2,0.04532967032967033
206,3,0.038461538461538464
206,4,0.05357142857142857
206,5,0.06868131868131869
206,6,0.09203296703296704
206,7,0.125
206,8,0.20467032967032966
206,9,0.3173076923076923
206,10,0.3392857142857143
206,11,0.31456043956043955
206,12,0.3695054945054945
206,13,0.4258241758241758
206,14,0.45054945054945056
206,15,0.42032967032967034
206,16,0.4739010989010989
206,17,0.4519230769230769
206,18,0.3447802197802198
206,19,0.2980769230769231
206,20,0.2651098901098901
206,21,0.28708791208791207
206,22,0.18956043956043955
206,23,0.11401098901098901
207,0,0.057692307692307696
207,1,0.017857142857142856
207,2,0.013736263736263736
207,3,0.02197802197802198
207,4,0.050824175824175824
207,5,0.09203296703296704
207,6,0.14560439560439561
207,7,0.32967032967032966
207,8,0.5480769230769231
207,9,0.5782967032967034
207,10,0.5755494505494505
207,11,0.5206043956043956
207,12,0.6043956043956044
207,13,0.6510989010989011
207,14,0.6868131868131868
207,15,0.7019230769230769
207,16,0.6854395604395604
207,17,0.6291208791208791
207,18,0.5041208791208791
207,19,0.5
207,20,0.4697802197802198
207,21,0.4175824175824176
207,22,0.2980769230769231
207,23,0.17445054945054944
208,0,0.06593406593406594
208,1,0.04120879120879121
208,2,0.034340659340659344
208,3,0.013736263736263736
208,4,0.006868131868131868
208,5,0.019230769230769232
208,6,0.0782967032967033
208,7,0.16895604395604397
208,8,0.5302197802197802
208,9,0.532967032967033
208,10,0.5576923076923077
208,11,0.6332417582417582
208,12,0.6881868131868132
208,13,0.6565934065934066
208,14,0.6346153846153846
208,15,0.6717032967032966
208,16,0.6098901098901099
208,17,0.532967032967033
208,18,0.47115384615384615
208,19,0.3489010989010989
208,20,0.23626373626373626
208,21,0.22115384615384615
208,22,0.15247252747252749
208,23,0.0782967032967033
209,0,0.017857142857142856
209,1,0.006868131868131868
209,2,0.0
209,3,0.0
209,4,0.0027472527472527475
209,5,0.005494505494505495
209,6,0.024725274725274724
209,7,0.057692307692307696
209,8,0.06318681318681318
209,9,0.08791208791208792
209,10,0.10164835164835165
209,11,0.13186813186813187
209,12,0.16071428571428573
209,13,0.19093406593406592
209,14,0.17032967032967034
209,15,0.18269230769230768
209,16,0.21153846153846154
209,17,0.20467032967032966
209,18,0.14560439560439561
209,19,0.10714285714285714
209,20,0.08791208791208792
209,21,0.07554945054945054
209,22,0.05631868131868132
209,23,0.0260989010989011
21,0,0.016483516483516484
21,1,0.008241758241758242
21,2,0.01098901098901099
21,3,0.0027472527472527475
21,4,0.0
21,5,0.01098901098901099
21,6,0.024725274725274724
21,7,0.04395604395604396
21,8,0.14560439560439561
21,9,0.16483516483516483
21,10,0.1401098901098901
21,11,0.17582417582417584
21,12,0.17857142857142858
21,13,0.15384615384615385
21,14,0.1813186813186813
21,15,0.18406593406593408
21,16,0.13736263736263737
21,17,0.11263736263736264
21,18,0.12362637362637363
21,19,0.09065934065934066
21,20,0.0521978021978022
21,21,0.024725274725274724
21,22,0.027472527472527472
21,23,0.024725274725274724
210,0,0.008241758241758242
210,1,0.006868131868131868
210,2,0.004120879120879121
210,3,0.004120879120879121
210,4,0.004120879120879121
210,5,0.009615384615384616
210,6,0.0673076923076923
210,7,0.10576923076923077
210,8,0.11263736263736264
210,9,0.14697802197802198
210,10,0.13736263736263737
210,11,0.18269230769230768
210,12,0.24175824175824176
210,13,0.25
210,14,0.24862637362637363
210,15,0.25137362637362637
210,16,0.18543956043956045
210,17,0.16071428571428573
210,18,0.1346153846153846
210,19,0.11401098901098901
210,20,0.06043956043956044
210,21,0.03983516483516483
210,22,0.027472527472527472
210,23,0.020604395604395604
211,0,0.0
211,1,0.0
211,2,0.0
211,3,0.0
211,4,0.0
211,5,0.0013736263736263737
211,6,0.013736263736263736
211,7,0.013736263736263736
211,8,0.008241758241758242
211,9,0.023351648351648352
211,10,0.04120879120879121
211,11,0.06456043956043957
211,12,0.06318681318681318
211,13,0.07692307692307693
211,14,0.09478021978021978
211,15,0.08928571428571429
211,16,0.08241758241758242
211,17,0.03708791208791209
211,18,0.03296703296703297
211,19,0.013736263736263736
211,20,0.008241758241758242
211,21,0.0027472527472527475
211,22,0.0
211,23,0.0
212,0,0.0
212,1,0.0
212,2,0.0
212,3,0.0
212,4,0.0
212,5,0.0013736263736263737
212,6,0.01098901098901099
212,7,0.024725274725274724
212,8,0.03571428571428571
212,9,0.07417582417582418
212,10,0.08928571428571429
212,11,0.10302197802197802
212,12,0.10576923076923077
212,13,0.11263736263736264
212,14,0.11263736263736264
212,15,0.10576923076923077
212,16,0.09615384615384616
212,17,0.05631868131868132
212,18,0.03021978021978022
212,19,0.013736263736263736
212,20,0.008241758241758242
212,21,0.004120879120879121
212,22,0.0
212,23,0.0
213,0,0.0027472527472527475
213,1,0.0013736263736263737
213,2,0.0
213,3,0.0
213,4,0.0
213,5,0.0013736263736263737
213,6,0.019230769230769232
213,7,0.042582417582417584
213,8,0.06593406593406594
213,9,0.1510989010989011
213,10,0.21428571428571427
213,11,0.19505494505494506
213,12,0.21153846153846154
213,13,0.25
213,14,0.3118131868131868
213,15,0.29120879120879123
213,16,0.25961538461538464
213,17,0.13873626373626374
213,18,0.09752747252747253
213,19,0.05357142857142857
213,20,0.024725274725274724
213,21,0.017857142857142856
213,22,0.004120879120879121
213,23,0.0013736263736263737
214,0,0.005494505494505495
214,1,0.0
214,2,0.0013736263736263737
214,3,0.0013736263736263737
214,4,0.0027472527472527475
214,5,0.04532967032967033
214,6,0.1510989010989011
214,7,0.2403846153846154
214,8,0.18818681318681318
214,9,0.19505494505494506
214,10,0.15934065934065933
214,11,0.17445054945054944
214,12,0.20054945054945056
214,13,0.20741758241758243
214,14,0.2651098901098901
214,15,0.23351648351648352
214,16,0.20741758241758243
214,17,0.16483516483516483
214,18,0.1620879120879121
214,19,0.0782967032967033
214,20,0.03983516483516483
214,21,0.02197802197802198
214,22,0.016483516483516484
214,23,0.006868131868131868
215,0,0.0
215,1,0.0
215,2,0.0
215,3,0.0
215,4,0.0
215,5,0.0013736263736263737
215,6,0.0027472527472527475
215,7,0.01098901098901099
215,8,0.023351648351648352
215,9,0.020604395604395604
215,10,0.03296703296703297
215,11,0.028846153846153848
215,12,0.03021978021978022
215,13,0.03708791208791209
215,14,0.03296703296703297
215,15,0.03571428571428571
215,16,0.023351648351648352
215,17,0.012362637362637362
215,18,0.005494505494505495
215,19,0.0027472527472527475
215,20,0.005494505494505495
215,21,0.005494505494505495
215,22,0.004120879120879121
215,23,0.0
216,0,0.0
216,1,0.0
216,2,0.0
216,3,0.0013736263736263737
216,4,0.0013736263736263737
216,5,0.0027472527472527475
216,6,0.006868131868131868
216,7,0.02197802197802198
216,8,0.034340659340659344
216,9,0.042582417582417584
216,10,0.03983516483516483
216,11,0.046703296703296704
216,12,0.042582417582417584
216,13,0.0521978021978022
216,14,0.038461538461538464
216,15,0.0521978021978022
216,16,0.03708791208791209
216,17,0.028846153846153848
216,18,0.01510989010989011
216,19,0.01510989010989011
216,20,0.005494505494505495
216,21,0.0027472527472527475
216,22,0.0027472527472527475
216,23,0.0027472527472527475
217,0,0.0027472527472527475
217,1,0.0027472527472527475
217,2,0.0027472527472527475
217,3,0.0027472527472527475
217,4,0.006868131868131868
217,5,0.061813186813186816
217,6,0.16895604395604397
217,7,0.29945054945054944
217,8,0.25961538461538464
217,9,0.21428571428571427
217,10,0.24862637362637363
217,11,0.2760989010989011
217,12,0.30357142857142855
217,13,0.33653846153846156
217,14,0.41208791208791207
217,15,0.4807692307692308
217,16,0.5013736263736264
217,17,0.49725274725274726
217,18,0.4642857142857143
217,19,0.5343406593406593
217,20,0.5439560439560439
217,21,0.3090659340659341
217,22,0.11813186813186813
217,23,0.016483516483516484
218,0,0.0013736263736263737
218,1,0.0
218,2,0.0
218,3,0.0
218,4,0.0
218,5,0.0
218,6,0.0027472527472527475
218,7,0.0260989010989011
218,8,0.04945054945054945
218,9,0.1043956043956044
218,10,0.10027472527472528
218,11,0.07692307692307693
218,12,0.09203296703296704
218,13,0.10714285714285714
218,14,0.10851648351648352
218,15,0.125
218,16,0.1978021978021978
218,17,0.14835164835164835
218,18,0.07005494505494506
218,19,0.03571428571428571
218,20,0.016483516483516484
218,21,0.01510989010989011
218,22,0.017857142857142856
218,23,0.009615384615384616
219,0,0.005494505494505495
219,1,0.0027472527472527475
219,2,0.0
219,3,0.0013736263736263737
219,4,0.0013736263736263737
219,5,0.0027472527472527475
219,6,0.013736263736263736
219,7,0.07142857142857142
219,8,0.09752747252747253
219,9,0.1620879120879121
219,10,0.12637362637362637
219,11,0.10164835164835165
219,12,0.15384615384615385
219,13,0.18956043956043955
219,14,0.1510989010989011
219,15,0.16346153846153846
219,16,0.22115384615384615
219,17,0.14148351648351648
219,18,0.0521978021978022
219,19,0.02197802197802198
219,20,0.023351648351648352
219,21,0.006868131868131868
219,22,0.004120879120879121
219,23,0.004120879120879121
22,0,0.009615384615384616
22,1,0.012362637362637362
22,2,0.006868131868131868
22,3,0.0027472527472527475
22,4,0.005494505494505495
22,5,0.01510989010989011
22,6,0.038461538461538464
22,7,0.03159340659340659
22,8,0.10714285714285714
22,9,0.17445054945054944
22,10,0.11126373626373626
22,11,0.10714285714285714
22,12,0.11126373626373626
22,13,0.11538461538461539
22,14,0.13324175824175824
22,15,0.14560439560439561
22,16,0.14285714285714285
22,17,0.15384615384615385
22,18,0.10576923076923077
22,19,0.08379120879120878
22,20,0.06868131868131869
22,21,0.059065934065934064
22,22,0.04807692307692308
22,23,0.024725274725274724
220,0,0.009615384615384616
220,1,0.004120879120879121
220,2,0.005494505494505495
220,3,0.006868131868131868
220,4,0.008241758241758242
220,5,0.004120879120879121
220,6,0.009615384615384616
220,7,0.023351648351648352
220,8,0.034340659340659344
220,9,0.09340659340659341
220,10,0.09615384615384616
220,11,0.04807692307692308
220,12,0.07005494505494506
220,13,0.09615384615384616
220,14,0.08241758241758242
220,15,0.08379120879120878
220,16,0.13873626373626374
220,17,0.10576923076923077
220,18,0.04532967032967033
220,19,0.024725274725274724
220,20,0.024725274725274724
220,21,0.012362637362637362
220,22,0.019230769230769232
220,23,0.013736263736263736
221,0,0.005494505494505495
221,1,0.004120879120879121
221,2,0.009615384615384616
221,3,0.009615384615384616
221,4,0.006868131868131868
221,5,0.02197802197802198
221,6,0.038461538461538464
221,7,0.06868131868131869
221,8,0.15247252747252749
221,9,0.19917582417582416
221,10,0.2087912087912088
221,11,0.18956043956043955
221,12,0.2692307692307692
221,13,0.3076923076923077
221,14,0.2925824175824176
221,15,0.31043956043956045
221,16,0.36538461538461536
221,17,0.29120879120879123
221,18,0.14423076923076922
221,19,0.10164835164835165
221,20,0.0673076923076923
221,21,0.04120879120879121
221,22,0.024725274725274724
221,23,0.009615384615384616
222,0,0.013736263736263736
222,1,0.009615384615384616
222,2,0.004120879120879121
222,3,0.004120879120879121
222,4,0.0013736263736263737
222,5,0.01098901098901099
222,6,0.020604395604395604
222,7,0.06456043956043957
222,8,0.0989010989010989
222,9,0.1620879120879121
222,10,0.29395604395604397
222,11,0.43543956043956045
222,12,0.5
222,13,0.5206043956043956
222,14,0.5343406593406593
222,15,0.5453296703296703
222,16,0.510989010989011
222,17,0.43543956043956045
222,18,0.2815934065934066
222,19,0.11950549450549451
222,20,0.10164835164835165
222,21,0.10027472527472528
222,22,0.06593406593406594
222,23,0.027472527472527472
223,0,0.04120879120879121
223,1,0.019230769230769232
223,2,0.009615384615384616
223,3,0.01098901098901099
223,4,0.019230769230769232
223,5,0.013736263736263736
223,6,0.04807692307692308
223,7,0.08379120879120878
223,8,0.10164835164835165
223,9,0.10851648351648352
223,10,0.14835164835164835
223,11,0.1662087912087912
223,12,0.1813186813186813
223,13,0.14972527472527472
223,14,0.15934065934065933
223,15,0.12225274725274725
223,16,0.14972527472527472
223,17,0.14835164835164835
223,18,0.14423076923076922
223,19,0.10302197802197802
223,20,0.08928571428571429
223,21,0.08791208791208792
223,22,0.06593406593406594
223,23,0.04532967032967033
224,0,0.0013736263736263737
224,1,0.0
224,2,0.0
224,3,0.0
224,4,0.0
224,5,0.0
224,6,0.02197802197802198
224,7,0.06593406593406594
224,8,0.10164835164835165
224,9,0.11950549450549451
224,10,0.17582417582417584
224,11,0.18956043956043955
224,12,0.23351648351648352
224,13,0.23351648351648352
224,14,0.2348901098901099
224,15,0.21703296703296704
224,16,0.1771978021978022
224,17,0.09752747252747253
224,18,0.01510989010989011
224,19,0.0013736263736263737
224,20,0.0013736263736263737
224,21,0.0027472527472527475
224,22,0.0
224,23,0.0027472527472527475
225,0,0.012362637362637362
225,1,0.004120879120879121
225,2,0.004120879120879121
225,3,0.004120879120879121
225,4,0.005494505494505495
225,5,0.03296703296703297
225,6,0.06593406593406594
225,7,0.14835164835164835
225,8,0.2692307692307692
225,9,0.32005494505494503
225,10,0.30631868131868134
225,11,0.35302197802197804
225,12,0.3557692307692308
225,13,0.42032967032967034
225,14,0.4230769230769231
225,15,0.4340659340659341
225,16,0.5192307692307693
225,17,0.5892857142857143
225,18,0.41208791208791207
225,19,0.2760989010989011
225,20,0.17857142857142858
225,21,0.125
225,22,0.07967032967032966
225,23,0.042582417582417584
226,0,0.0
226,1,0.0013736263736263737
226,2,0.0013736263736263737
226,3,0.0
226,4,0.0
226,5,0.0027472527472527475
226,6,0.01098901098901099
226,7,0.024725274725274724
226,8,0.06593406593406594
226,9,0.11538461538461539
226,10,0.12774725274725274
226,11,0.07417582417582418
226,12,0.08379120879120878
226,13,0.08104395604395605
226,14,0.11401098901098901
226,15,0.08241758241758242
226,16,0.16483516483516483
226,17,0.14972527472527472
226,18,0.08104395604395605
226,19,0.04120879120879121
226,20,0.028846153846153848
226,21,0.024725274725274724
226,22,0.017857142857142856
226,23,0.0027472527472527475
227,0,0.0027472527472527475
227,1,0.004120879120879121
227,2,0.0
227,3,0.0013736263736263737
227,4,0.0013736263736263737
227,5,0.0027472527472527475
227,6,0.03296703296703297
227,7,0.034340659340659344
227,8,0.11263736263736264
227,9,0.14560439560439561
227,10,0.10027472527472528
227,11,0.10027472527472528
227,12,0.11813186813186813
227,13,0.1565934065934066
227,14,0.18543956043956045
227,15,0.1813186813186813
227,16,0.21565934065934067
227,17,0.22939560439560439
227,18,0.125
227,19,0.04945054945054945
227,20,0.04120879120879121
227,21,0.028846153846153848
227,22,0.012362637362637362
227,23,0.004120879120879121
228,0,0.006868131868131868
228,1,0.0013736263736263737
228,2,0.0027472527472527475
228,3,0.0013736263736263737
228,4,0.009615384615384616
228,5,0.01510989010989011
228,6,0.013736263736263736
228,7,0.050824175824175824
228,8,0.21016483516483517
228,9,0.22527472527472528
228,10,0.14835164835164835
228,11,0.21428571428571427
228,12,0.2445054945054945
228,13,0.25961538461538464
228,14,0.2129120879120879
228,15,0.24862637362637363
228,16,0.3008241758241758
228,17,0.2802197802197802
228,18,0.13736263736263737
228,19,0.10302197802197802
228,20,0.050824175824175824
228,21,0.03708791208791209
228,22,0.028846153846153848
228,23,0.017857142857142856
229,0,0.016483516483516484
229,1,0.01510989010989011
229,2,0.01510989010989011
229,3,0.016483516483516484
229,4,0.01510989010989011
229,5,0.017857142857142856
229,6,0.019230769230769232
229,7,0.06318681318681318
229,8,0.10027472527472528
229,9,0.19917582417582416
229,10,0.3131868131868132
229,11,0.3557692307692308
229,12,0.4409340659340659
229,13,0.4052197802197802
229,14,0.42857142857142855
229,15,0.46153846153846156
229,16,0.44642857142857145
229,17,0.2760989010989011
229,18,0.12912087912087913
229,19,0.061813186813186816
229,20,0.028846153846153848
229,21,0.028846153846153848
229,22,0.02197802197802198
229,23,0.016483516483516484
23,0,0.004120879120879121
23,1,0.006868131868131868
23,2,0.004120879120879121
23,3,0.0013736263736263737
23,4,0.0013736263736263737
23,5,0.005494505494505495
23,6,0.027472527472527472
23,7,0.04120879120879121
23,8,0.12225274725274725
23,9,0.19505494505494506
23,10,0.21016483516483517
23,11,0.23076923076923078
23,12,0.2774725274725275
23,13,0.21978021978021978
23,14,0.18406593406593408
23,15,0.19093406593406592
23,16,0.1771978021978022
23,17,0.17994505494505494
23,18,0.15247252747252749
23,19,0.10164835164835165
23,20,0.08928571428571429
23,21,0.06593406593406594
23,22,0.038461538461538464
23,23,0.01510989010989011
230,0,0.0027472527472527475
230,1,0.0013736263736263737
230,2,0.0027472527472527475
230,3,0.0027472527472527475
230,4,0.0013736263736263737
230,5,0.0027472527472527475
230,6,0.038461538461538464
230,7,0.21016483516483517
230,8,0.3118131868131868
230,9,0.30357142857142855
230,10,0.375
230,11,0.37362637362637363
230,12,0.43543956043956045
230,13,0.42445054945054944
230,14,0.42857142857142855
230,15,0.4010989010989011
230,16,0.4052197802197802
230,17,0.30494505494505497
230,18,0.23901098901098902
230,19,0.14972527472527472
230,20,0.09478021978021978
230,21,0.05357142857142857
230,22,0.02197802197802198
230,23,0.009615384615384616
231,0,0.14560439560439561
231,1,0.09478021978021978
231,2,0.10302197802197802
231,3,0.10851648351648352
231,4,0.08379120879120878
231,5,0.10714285714285714
231,6,0.20467032967032966
231,7,0.25
231,8,0.4848901098901099
231,9,0.6689560439560439
231,10,0.6923076923076923
231,11,0.6428571428571429
231,12,0.6181318681318682
231,13,0.7197802197802198
231,14,0.7582417582417582
231,15,0.8791208791208791
231,16,0.9972527472527473
231,17,0.9395604395604396
231,18,0.7348901098901099
231,19,0.6304945054945055
231,20,0.5357142857142857
231,21,0.4793956043956044
231,22,0.38324175824175827
231,23,0.25274725274725274
232,0,0.019230769230769232
232,1,0.013736263736263736
232,2,0.008241758241758242
232,3,0.012362637362637362
232,4,0.016483516483516484
232,5,0.01510989010989011
232,6,0.061813186813186816
232,7,0.14148351648351648
232,8,0.4326923076923077
232,9,0.5741758241758241
232,10,0.4532967032967033
232,11,0.3543956043956044
232,12,0.3626373626373626
232,13,0.510989010989011
232,14,0.5357142857142857
232,15,0.5631868131868132
232,16,0.5975274725274725
232,17,0.5398351648351648
232,18,0.43543956043956045
232,19,0.37225274725274726
232,20,0.19505494505494506
232,21,0.12774725274725274
232,22,0.09615384615384616
232,23,0.059065934065934064
233,0,0.04532967032967033
233,1,0.04120879120879121
233,2,0.04395604395604396
233,3,0.08241758241758242
233,4,0.17307692307692307
233,5,0.08928571428571429
233,6,0.04395604395604396
233,7,0.0782967032967033
233,8,0.23901098901098902
233,9,0.35027472527472525
233,10,0.2184065934065934
233,11,0.23763736263736263
233,12,0.21978021978021978
233,13,0.22664835164835165
233,14,0.2664835164835165
233,15,0.3516483516483517
233,16,0.3873626373626374
233,17,0.5068681318681318
233,18,0.41208791208791207
233,19,0.27472527472527475
233,20,0.14148351648351648
233,21,0.10302197802197802
233,22,0.08791208791208792
233,23,0.06456043956043957
234,0,0.017857142857142856
234,1,0.019230769230769232
234,2,0.04532967032967033
234,3,0.05631868131868132
234,4,0.046703296703296704
234,5,0.012362637362637362
234,6,0.017857142857142856
234,7,0.05357142857142857
234,8,0.10164835164835165
234,9,0.1717032967032967
234,10,0.15934065934065933
234,11,0.14423076923076922
234,12,0.13873626373626374
234,13,0.1565934065934066
234,14,0.20192307692307693
234,15,0.19642857142857142
234,16,0.21703296703296704
234,17,0.2032967032967033
234,18,0.11813186813186813
234,19,0.08104395604395605
234,20,0.07005494505494506
234,21,0.05357142857142857
234,22,0.05357142857142857
234,23,0.03159340659340659
235,0,0.13324175824175824
235,1,0.054945054945054944
235,2,0.0260989010989011
235,3,0.050824175824175824
235,4,0.07967032967032966
235,5,0.03983516483516483
235,6,0.07692307692307693
235,7,0.16758241758241757
235,8,0.3282967032967033
235,9,0.41895604395604397
235,10,0.41895604395604397
235,11,0.37637362637362637
235,12,0.3543956043956044
235,13,0.43131868131868134
235,14,0.4835164835164835
235,15,0.5068681318681318
235,16,0.5879120879120879
235,17,0.5480769230769231
235,18,0.4217032967032967
235,19,0.4271978021978022
235,20,0.41346153846153844
235,21,0.31868131868131866
235,22,0.2623626373626374
235,23,0.2087912087912088
236,0,0.006868131868131868
236,1,0.005494505494505495
236,2,0.005494505494505495
236,3,0.008241758241758242
236,4,0.008241758241758242
236,5,0.012362637362637362
236,6,0.019230769230769232
236,7,0.06043956043956044
236,8,0.14560439560439561
236,9,0.061813186813186816
236,10,0.050824175824175824
236,11,0.07554945054945054
236,12,0.08104395604395605
236,13,0.09203296703296704
236,14,0.08379120879120878
236,15,0.10989010989010989
236,16,0.09340659340659341
236,17,0.06456043956043957
236,18,0.04945054945054945
236,19,0.020604395604395604
236,20,0.023351648351648352
236,21,0.01098901098901099
236,22,0.006868131868131868
236,23,0.008241758241758242
237,0,0.0027472527472527475
237,1,0.0013736263736263737
237,2,0.0
237,3,0.0013736263736263737
237,4,0.0
237,5,0.004120879120879121
237,6,0.006868131868131868
237,7,0.0260989010989011
237,8,0.07554945054945054
237,9,0.06043956043956044
237,10,0.05357142857142857
237,11,0.0673076923076923
237,12,0.0673076923076923
237,13,0.10302197802197802
237,14,0.10576923076923077
237,15,0.10714285714285714
237,16,0.08516483516483517
237,17,0.07142857142857142
237,18,0.03571428571428571
237,19,0.019230769230769232
237,20,0.016483516483516484
237,21,0.009615384615384616
237,22,0.0027472527472527475
237,23,0.0027472527472527475
238,0,0.02197802197802198
238,1,0.008241758241758242
238,2,0.0013736263736263737
238,3,0.0
238,4,0.0027472527472527475
238,5,0.017857142857142856
238,6,0.054945054945054944
238,7,0.06868131868131869
238,8,0.1346153846153846
238,9,0.15521978021978022
238,10,0.16071428571428573
238,11,0.1565934065934066
238,12,0.1813186813186813
238,13,0.2087912087912088
238,14,0.2032967032967033
238,15,0.17994505494505494
238,16,0.21703296703296704
238,17,0.2623626373626374
238,18,0.15521978021978022
238,19,0.08653846153846154
238,20,0.06318681318681318
238,21,0.03983516483516483
238,22,0.03021978021978022
238,23,0.034340659340659344
239,0,0.03571428571428571
239,1,0.01098901098901099
239,2,0.006868131868131868
239,3,0.006868131868131868
239,4,0.0013736263736263737
239,5,0.005494505494505495
239,6,0.03708791208791209
239,7,0.10989010989010989
239,8,0.19642857142857142
239,9,0.14285714285714285
239,10,0.1043956043956044
239,11,0.14423076923076922
239,12,0.21703296703296704
239,13,0.260989010989011
239,14,0.19093406593406592
239,15,0.15934065934065933
239,16,0.23214285714285715
239,17,0.2664835164835165
239,18,0.15934065934065933
239,19,0.10989010989010989
239,20,0.08516483516483517
239,21,0.07417582417582418
239,22,0.07142857142857142
239,23,0.08241758241758242
24,0,0.03296703296703297
24,1,0.023351648351648352
24,2,0.01510989010989011
24,3,0.020604395604395604
24,4,0.03708791208791209
24,5,0.07554945054945054
24,6,0.11263736263736264
24,7,0.17032967032967034
24,8,0.2857142857142857
24,9,0.38873626373626374
24,10,0.3791208791208791
24,11,0.42857142857142855
24,12,0.4326923076923077
24,13,0.39285714285714285
24,14,0.3983516483516483
24,15,0.38324175824175827
24,16,0.37225274725274726
24,17,0.37637362637362637
24,18,0.35027472527472525
24,19,0.34065934065934067
24,20,0.30494505494505497
24,21,0.24587912087912087
24,22,0.125
24,23,0.054945054945054944
240,0,0.009615384615384616
240,1,0.0013736263736263737
240,2,0.0013736263736263737
240,3,0.005494505494505495
240,4,0.006868131868131868
240,5,0.046703296703296704
240,6,0.18269230769230768
240,7,0.3543956043956044
240,8,0.41483516483516486
240,9,0.25824175824175827
240,10,0.2541208791208791
240,11,0.3228021978021978
240,12,0.4423076923076923
240,13,0.3392857142857143
240,14,0.30631868131868134
240,15,0.23351648351648352
240,16,0.19917582417582416
240,17,0.18818681318681318
240,18,0.21978021978021978
240,19,0.14697802197802198
240,20,0.07417582417582418
240,21,0.046703296703296704
240,22,0.03021978021978022
240,23,0.023351648351648352
241,0,0.07967032967032966
241,1,0.09615384615384616
241,2,0.09615384615384616
241,3,0.046703296703296704
241,4,0.024725274725274724
241,5,0.03296703296703297
241,6,0.12362637362637363
241,7,0.23076923076923078
241,8,0.3131868131868132
241,9,0.260989010989011
241,10,0.29395604395604397
241,11,0.3324175824175824
241,12,0.3489010989010989
241,13,0.3434065934065934
241,14,0.3434065934065934
241,15,0.3708791208791209
241,16,0.3434065934065934
241,17,0.33516483516483514
241,18,0.33791208791208793
241,19,0.25274725274725274
241,20,0.1401098901098901
241,21,0.04945054945054945
241,22,0.04120879120879121
241,23,0.04120879120879121
242,0,0.03296703296703297
242,1,0.020604395604395604
242,2,0.01510989010989011
242,3,0.01510989010989011
242,4,0.01510989010989011
242,5,0.027472527472527472
242,6,0.0782967032967033
242,7,0.16346153846153846
242,8,0.3489010989010989
242,9,0.44368131868131866
242,10,0.5137362637362637
242,11,0.5865384615384616
242,12,0.6483516483516484
242,13,0.6456043956043956
242,14,0.6456043956043956
242,15,0.6098901098901099
242,16,0.6483516483516484
242,17,0.5178571428571429
242,18,0.3914835164835165
242,19,0.25137362637362637
242,20,0.13324175824175824
242,21,0.08791208791208792
242,22,0.08104395604395605
242,23,0.04945054945054945
243,0,0.08241758241758242
243,1,0.057692307692307696
243,2,0.03708791208791209
243,3,0.03296703296703297
243,4,0.020604395604395604
243,5,0.04395604395604396
243,6,0.08104395604395605
243,7,0.15247252747252749
243,8,0.2967032967032967
243,9,0.4107142857142857
243,10,0.5247252747252747
243,11,0.5796703296703297
243,12,0.5906593406593407
243,13,0.5796703296703297
243,14,0.5741758241758241
243,15,0.5439560439560439
243,16,0.6002747252747253
243,17,0.5151098901098901
243,18,0.3626373626373626
243,19,0.2967032967032967
243,20,0.18818681318681318
243,21,0.1771978021978022
243,22,0.13324175824175824
243,23,0.09752747252747253
244,0,0.013736263736263736
244,1,0.0027472527472527475
244,2,0.004120879120879121
244,3,0.004120879120879121
244,4,0.005494505494505495
244,5,0.008241758241758242
244,6,0.02197802197802198
244,7,0.06318681318681318
244,8,0.13736263736263737
244,9,0.14423076923076922
244,10,0.15796703296703296
244,11,0.20192307692307693
244,12,0.3324175824175824
244,13,0.3708791208791209
244,14,0.41483516483516486
244,15,0.3159340659340659
244,16,0.2857142857142857
244,17,0.30494505494505497
244,18,0.24725274725274726
244,19,0.16346153846153846
244,20,0.08379120879120878
244,21,0.06593406593406594
244,22,0.04945054945054945
244,23,0.034340659340659344
245,0,0.260989010989011
245,1,0.2445054945054945
245,2,0.19917582417582416
245,3,0.17994505494505494
245,4,0.16758241758241757
245,5,0.15521978021978022
245,6,0.26785714285714285
245,7,0.3791208791208791
245,8,0.6648351648351648
245,9,1.0192307692307692
245,10,1.0123626373626373
245,11,1.0645604395604396
245,12,0.978021978021978
245,13,1.2362637362637363
245,14,1.184065934065934
245,15,1.1758241758241759
245,16,1.1607142857142858
245,17,1.0315934065934067
245,18,0.8406593406593407
245,19,0.7527472527472527
245,20,0.6167582417582418
245,21,0.4793956043956044
245,22,0.3708791208791209
245,23,0.28983516483516486
246,0,0.054945054945054944
246,1,0.024725274725274724
246,2,0.017857142857142856
246,3,0.02197802197802198
246,4,0.034340659340659344
246,5,0.08516483516483517
246,6,0.16346153846153846
246,7,0.29945054945054944
246,8,0.6016483516483516
246,9,0.5164835164835165
246,10,0.46703296703296704
246,11,0.49038461538461536
246,12,0.5824175824175825
246,13,0.5755494505494505
246,14,0.5892857142857143
246,15,0.7307692307692307
246,16,0.7802197802197802
246,17,0.7032967032967034
246,18,0.6346153846153846
246,19,0.5563186813186813
246,20,0.5123626373626373
246,21,0.42857142857142855
246,22,0.28434065934065933
246,23,0.14148351648351648
247,0,0.03708791208791209
247,1,0.023351648351648352
247,2,0.0260989010989011
247,3,0.013736263736263736
247,4,0.012362637362637362
247,5,0.024725274725274724
247,6,0.06593406593406594
247,7,0.08653846153846154
247,8,0.29945054945054944
247,9,0.3008241758241758
247,10,0.17582417582417584
247,11,0.22115384615384615
247,12,0.2980769230769231
247,13,0.29395604395604397
247,14,0.29120879120879123
247,15,0.41208791208791207
247,16,0.4052197802197802
247,17,0.35027472527472525
247,18,0.34615384615384615
247,19,0.3228021978021978
247,20,0.2541208791208791
247,21,0.2239010989010989
247,22,0.13598901098901098
247,23,0.07417582417582418
248,0,0.046703296703296704
248,1,0.03159340659340659
248,2,0.013736263736263736
248,3,0.01510989010989011
248,4,0.034340659340659344
248,5,0.05357142857142857
248,6,0.09340659340659341
248,7,0.18956043956043955
248,8,0.2706043956043956
248,9,0.3983516483516483
248,10,0.4519230769230769
248,11,0.4835164835164835
248,12,0.4491758241758242
248,13,0.4766483516483517
248,14,0.4684065934065934
248,15,0.592032967032967
248,16,0.5370879120879121
248,17,0.42445054945054944
248,18,0.3791208791208791
248,19,0.3557692307692308
248,20,0.35714285714285715
248,21,0.25961538461538464
248,22,0.16483516483516483
248,23,0.08104395604395605
249,0,0.0521978021978022
249,1,0.028846153846153848
249,2,0.01098901098901099
249,3,0.009615384615384616
249,4,0.013736263736263736
249,5,0.05357142857142857
249,6,0.14423076923076922
249,7,0.28708791208791207
249,8,0.37225274725274726
249,9,0.4532967032967033
249,10,0.5
249,11,0.5439560439560439
249,12,0.6167582417582418
249,13,0.5755494505494505
249,14,0.5521978021978022
249,15,0.49862637362637363
249,16,0.46565934065934067
249,17,0.43131868131868134
249,18,0.43956043956043955
249,19,0.385989010989011
249,20,0.32967032967032966
249,21,0.2692307692307692
249,22,0.15796703296703296
249,23,0.07554945054945054
25,0,0.0989010989010989
25,1,0.046703296703296704
25,2,0.023351648351648352
25,3,0.005494505494505495
25,4,0.020604395604395604
25,5,0.0521978021978022
25,6,0.21703296703296704
25,7,0.30631868131868134
25,8,0.24313186813186813
25,9,0.40934065934065933
25,10,0.4835164835164835
25,11,0.5206043956043956
25,12,0.510989010989011
25,13,0.489010989010989
25,14,0.5027472527472527
25,15,0.4848901098901099
25,16,0.5260989010989011
25,17,0.5467032967032966
25,18,0.48626373626373626
25,19,0.40796703296703296
25,20,0.3447802197802198
25,21,0.3118131868131868
25,22,0.23214285714285715
25,23,0.18543956043956045
250,0,0.04120879120879121
250,1,0.024725274725274724
250,2,0.01098901098901099
250,3,0.01098901098901099
250,4,0.013736263736263736
250,5,0.0521978021978022
250,6,0.13873626373626374
250,7,0.22115384615384615
250,8,0.28708791208791207
250,9,0.28983516483516486
250,10,0.35714285714285715
250,11,0.4230769230769231
250,12,0.46153846153846156
250,13,0.41620879120879123
250,14,0.40796703296703296
250,15,0.36538461538461536
250,16,0.3489010989010989
250,17,0.3626373626373626
250,18,0.3269230769230769
250,19,0.29120879120879123
250,20,0.2774725274725275
250,21,0.20604395604395603
250,22,0.12637362637362637
250,23,0.07967032967032966
251,0,0.057692307692307696
251,1,0.04120879120879121
251,2,0.03021978021978022
251,3,0.028846153846153848
251,4,0.0260989010989011
251,5,0.09615384615384616
251,6,0.2087912087912088
251,7,0.29945054945054944
251,8,0.3021978021978022
251,9,0.38873626373626374
251,10,0.46153846153846156
251,11,0.5357142857142857
251,12,0.5659340659340659
251,13,0.5192307692307693
251,14,0.5315934065934066
251,15,0.46016483516483514
251,16,0.43131868131868134
251,17,0.4326923076923077
251,18,0.4381868131868132
251,19,0.4217032967032967
251,20,0.3269230769230769
251,21,0.2445054945054945
251,22,0.14285714285714285
251,23,0.09615384615384616
252,0,0.08379120879120878
252,1,0.0521978021978022
252,2,0.028846153846153848
252,3,0.03159340659340659
252,4,0.042582417582417584
252,5,0.17994505494505494
252,6,0.43131868131868134
252,7,0.5659340659340659
252,8,0.6291208791208791
252,9,0.6373626373626373
252,10,0.6840659340659341
252,11,0.728021978021978
252,12,0.8173076923076923
252,13,0.8008241758241759
252,14,0.7706043956043956
252,15,0.7321428571428571
252,16,0.7403846153846154
252,17,0.717032967032967
252,18,0.7046703296703297
252,19,0.614010989010989
252,20,0.4340659340659341
252,21,0.37774725274725274
252,22,0.28296703296703296
252,23,0.14972527472527472
253,0,0.054945054945054944
253,1,0.042582417582417584
253,2,0.0260989010989011
253,3,0.0260989010989011
253,4,0.03708791208791209
253,5,0.09340659340659341
253,6,0.15934065934065933
253,7,0.2815934065934066
253,8,0.43543956043956045
253,9,0.5686813186813187
253,10,0.6304945054945055
253,11,0.695054945054945
253,12,0.7307692307692307
253,13,0.6854395604395604
253,14,0.6195054945054945
253,15,0.5535714285714286
253,16,0.5343406593406593
253,17,0.5618131868131868
253,18,0.5480769230769231
253,19,0.46291208791208793
253,20,0.30357142857142855
253,21,0.22527472527472528
253,22,0.1401098901098901
253,23,0.09203296703296704
254,0,0.016483516483516484
254,1,0.016483516483516484
254,2,0.01098901098901099
254,3,0.006868131868131868
254,4,0.005494505494505495
254,5,0.01510989010989011
254,6,0.019230769230769232
254,7,0.042582417582417584
254,8,0.16895604395604397
254,9,0.21153846153846154
254,10,0.22115384615384615
254,11,0.24175824175824176
254,12,0.3392857142857143
254,13,0.3557692307692308
254,14,0.3557692307692308
254,15,0.33379120879120877
254,16,0.31043956043956045
254,17,0.260989010989011
254,18,0.16071428571428573
254,19,0.11263736263736264
254,20,0.07417582417582418
254,21,0.061813186813186816
254,22,0.046703296703296704
254,23,0.04120879120879121
255,0,0.01510989010989011
255,1,0.008241758241758242
255,2,0.008241758241758242
255,3,0.004120879120879121
255,4,0.005494505494505495
255,5,0.013736263736263736
255,6,0.024725274725274724
255,7,0.05631868131868132
255,8,0.13873626373626374
255,9,0.19093406593406592
255,10,0.2032967032967033
255,11,0.26373626373626374
255,12,0.4010989010989011
255,13,0.3901098901098901
255,14,0.3791208791208791
255,15,0.3708791208791209
255,16,0.32005494505494503
255,17,0.28296703296703296
255,18,0.23076923076923078
255,19,0.14423076923076922
255,20,0.09752747252747253
255,21,0.06868131868131869
255,22,0.038461538461538464
255,23,0.038461538461538464
256,0,0.0013736263736263737
256,1,0.0
256,2,0.0
256,3,0.0
256,4,0.0
256,5,0.0027472527472527475
256,6,0.008241758241758242
256,7,0.017857142857142856
256,8,0.03983516483516483
256,9,0.04395604395604396
256,10,0.04945054945054945
256,11,0.061813186813186816
256,12,0.06868131868131869
256,13,0.11126373626373626
256,14,0.12225274725274725
256,15,0.12362637362637363
256,16,0.16483516483516483
256,17,0.13598901098901098
256,18,0.04532967032967033
256,19,0.028846153846153848
256,20,0.01510989010989011
256,21,0.016483516483516484
256,22,0.009615384615384616
256,23,0.006868131868131868
257,0,0.0027472527472527475
257,1,0.0
257,2,0.0
257,3,0.0
257,4,0.0
257,5,0.004120879120879121
257,6,0.01510989010989011
257,7,0.05357142857142857
257,8,0.07417582417582418
257,9,0.09340659340659341
257,10,0.11263736263736264
257,11,0.13598901098901098
257,12,0.12774725274725274
257,13,0.18543956043956045
257,14,0.23076923076923078
257,15,0.27197802197802196
257,16,0.34615384615384615
257,17,0.2815934065934066
257,18,0.1346153846153846
257,19,0.06318681318681318
257,20,0.038461538461538464
257,21,0.03571428571428571
257,22,0.020604395604395604
257,23,0.01510989010989011
258,0,0.008241758241758242
258,1,0.0013736263736263737
258,2,0.0
258,3,0.0
258,4,0.0
258,5,0.0
258,6,0.008241758241758242
258,7,0.0260989010989011
258,8,0.04945054945054945
258,9,0.06318681318681318
258,10,0.06456043956043957
258,11,0.08241758241758242
258,12,0.07417582417582418
258,13,0.11813186813186813
258,14,0.1304945054945055
258,15,0.14835164835164835
258,16,0.21565934065934067
258,17,0.17994505494505494
258,18,0.054945054945054944
258,19,0.028846153846153848
258,20,0.016483516483516484
258,21,0.01098901098901099
258,22,0.019230769230769232
258,23,0.01098901098901099
259,0,0.012362637362637362
259,1,0.004120879120879121
259,2,0.0
259,3,0.0
259,4,0.0013736263736263737
259,5,0.004120879120879121
259,6,0.023351648351648352
259,7,0.07967032967032966
259,8,0.23763736263736263
259,9,0.3090659340659341
259,10,0.18956043956043955
259,11,0.23351648351648352
259,12,0.28434065934065933
259,13,0.3241758241758242
259,14,0.35302197802197804
259,15,0.37362637362637363
259,16,0.44368131868131866
259,17,0.37637362637362637
259,18,0.17582417582417584
259,19,0.11675824175824176
259,20,0.07554945054945054
259,21,0.08379120879120878
259,22,0.0521978021978022
259,23,0.017857142857142856
26,0,0.2445054945054945
26,1,0.19917582417582416
26,2,0.16346153846153846
26,3,0.11126373626373626
26,4,0.13873626373626374
26,5,0.21428571428571427
26,6,0.28708791208791207
26,7,0.38186813186813184
26,8,0.5741758241758241
26,9,0.945054945054945
26,10,1.0728021978021978
26,11,1.0576923076923077
26,12,1.0302197802197801
26,13,1.0467032967032968
26,14,1.129120879120879
26,15,1.0879120879120878
26,16,1.0686813186813187
26,17,1.0755494505494505
26,18,0.9423076923076923
26,19,0.8021978021978022
26,20,0.6744505494505495
26,21,0.5728021978021978
26,22,0.40796703296703296
26,23,0.2980769230769231
260,0,0.06868131868131869
260,1,0.038461538461538464
260,2,0.017857142857142856
260,3,0.019230769230769232
260,4,0.017857142857142856
260,5,0.03571428571428571
260,6,0.11126373626373626
260,7,0.16483516483516483
260,8,0.2706043956043956
260,9,0.375
260,10,0.375
260,11,0.3695054945054945
260,12,0.45054945054945056
260,13,0.4697802197802198
260,14,0.47527472527472525
260,15,0.46016483516483514
260,16,0.46016483516483514
260,17,0.45604395604395603
260,18,0.5206043956043956
260,19,0.45879120879120877
260,20,0.47802197802197804
260,21,0.38461538461538464
260,22,0.2623626373626374
260,23,0.13736263736263737
261,0,0.11401098901098901
261,1,0.08791208791208792
261,2,0.07417582417582418
261,3,0.09615384615384616
261,4,0.08791208791208792
261,5,0.061813186813186816
261,6,0.11263736263736264
261,7,0.18818681318681318
261,8,0.1936813186813187
261,9,0.24862637362637363
261,10,0.20604395604395603
261,11,0.18406593406593408
261,12,0.16346153846153846
261,13,0.19642857142857142
261,14,0.23076923076923078
261,15,0.23214285714285715
261,16,0.2733516483516483
261,17,0.24725274725274726
261,18,0.2403846153846154
261,19,0.22252747252747251
261,20,0.25274725274725274
261,21,0.28708791208791207
261,22,0.18543956043956045
261,23,0.10989010989010989
262,0,0.14560439560439561
262,1,0.10576923076923077
262,2,0.12362637362637363
262,3,0.17994505494505494
262,4,0.15247252747252749
262,5,0.10576923076923077
262,6,0.1043956043956044
262,7,0.2541208791208791
262,8,0.3543956043956044
262,9,0.3557692307692308
262,10,0.3475274725274725
262,11,0.3090659340659341
262,12,0.2774725274725275
262,13,0.39285714285714285
262,14,0.4175824175824176
262,15,0.4217032967032967
262,16,0.4876373626373626
262,17,0.4381868131868132
262,18,0.42032967032967034
262,19,0.3324175824175824
262,20,0.32554945054945056
262,21,0.39697802197802196
262,22,0.2554945054945055
262,23,0.125
263,0,0.061813186813186816
263,1,0.046703296703296704
263,2,0.038461538461538464
263,3,0.046703296703296704
263,4,0.04532967032967033
263,5,0.03021978021978022
263,6,0.06868131868131869
263,7,0.11675824175824176
263,8,0.17307692307692307
263,9,0.24587912087912087
263,10,0.36813186813186816
263,11,0.3131868131868132
263,12,0.34203296703296704
263,13,0.3434065934065934
263,14,0.3434065934065934
263,15,0.364010989010989
263,16,0.41620879120879123
263,17,0.3804945054945055
263,18,0.32142857142857145
263,19,0.25274725274725274
263,20,0.2348901098901099
263,21,0.18543956043956045
263,22,0.11538461538461539
263,23,0.0782967032967033
264,0,0.17857142857142858
264,1,0.1771978021978022
264,2,0.09065934065934066
264,3,0.11813186813186813
264,4,0.2087912087912088
264,5,0.28983516483516486
264,6,0.39285714285714285
264,7,0.39697802197802196
264,8,0.39972527472527475
264,9,0.5
264,10,0.5906593406593407
264,11,0.5260989010989011
264,12,0.5274725274725275
264,13,0.6428571428571429
264,14,0.6112637362637363
264,15,0.5961538461538461
264,16,0.695054945054945
264,17,0.6895604395604396
264,18,0.5851648351648352
264,19,0.5013736263736264
264,20,0.4848901098901099
264,21,0.36813186813186816
264,22,0.23351648351648352
264,23,0.15796703296703296
265,0,0.0260989010989011
265,1,0.013736263736263736
265,2,0.012362637362637362
265,3,0.017857142857142856
265,4,0.0260989010989011
265,5,0.03296703296703297
265,6,0.042582417582417584
265,7,0.07692307692307693
265,8,0.0989010989010989
265,9,0.15521978021978022
265,10,0.1565934065934066
265,11,0.16758241758241757
265,12,0.18406593406593408
265,13,0.19642857142857142
265,14,0.1662087912087912
265,15,0.2087912087912088
265,16,0.2184065934065934
265,17,0.19505494505494506
265,18,0.11675824175824176
265,19,0.11126373626373626
265,20,0.07142857142857142
265,21,0.05357142857142857
265,22,0.042582417582417584
265,23,0.03296703296703297
266,0,0.03571428571428571
266,1,0.01098901098901099
266,2,0.006868131868131868
266,3,0.005494505494505495
266,4,0.008241758241758242
266,5,0.012362637362637362
266,6,0.04532967032967033
266,7,0.12774725274725274
266,8,0.1936813186813187
266,9,0.2239010989010989
266,10,0.28434065934065933
266,11,0.31456043956043955
266,12,0.28296703296703296
266,13,0.3475274725274725
266,14,0.49313186813186816
266,15,0.5178571428571429
266,16,0.41895604395604397
266,17,0.31456043956043955
266,18,0.25274725274725274
266,19,0.18956043956043955
266,20,0.15384615384615385
266,21,0.12225274725274725
266,22,0.08791208791208792
266,23,0.059065934065934064
267,0,0.0013736263736263737
267,1,0.0
267,2,0.0
267,3,0.0
267,4,0.0013736263736263737
267,5,0.0027472527472527475
267,6,0.013736263736263736
267,7,0.02197802197802198
267,8,0.03708791208791209
267,9,0.034340659340659344
267,10,0.0260989010989011
267,11,0.017857142857142856
267,12,0.019230769230769232
267,13,0.027472527472527472
267,14,0.017857142857142856
267,15,0.019230769230769232
267,16,0.019230769230769232
267,17,0.0260989010989011
267,18,0.019230769230769232
267,19,0.006868131868131868
267,20,0.008241758241758242
267,21,0.009615384615384616
267,22,0.005494505494505495
267,23,0.0
268,0,0.0013736263736263737
268,1,0.0
268,2,0.0
268,3,0.0
268,4,0.0
268,5,0.0
268,6,0.005494505494505495
268,7,0.013736263736263736
268,8,0.028846153846153848
268,9,0.028846153846153848
268,10,0.024725274725274724
268,11,0.012362637362637362
268,12,0.019230769230769232
268,13,0.0260989010989011
268,14,0.028846153846153848
268,15,0.017857142857142856
268,16,0.008241758241758242
268,17,0.012362637362637362
268,18,0.023351648351648352
268,19,0.02197802197802198
268,20,0.01098901098901099
268,21,0.0
268,22,0.005494505494505495
268,23,0.004120879120879121
269,0,0.0
269,1,0.0
269,2,0.0
269,3,0.0
269,4,0.0
269,5,0.0013736263736263737
269,6,0.006868131868131868
269,7,0.019230769230769232
269,8,0.07692307692307693
269,9,0.0782967032967033
269,10,0.07554945054945054
269,11,0.08104395604395605
269,12,0.07142857142857142
269,13,0.0673076923076923
269,14,0.06868131868131869
269,15,0.059065934065934064
269,16,0.07554945054945054
269,17,0.06593406593406594
269,18,0.05631868131868132
269,19,0.0521978021978022
269,20,0.02197802197802198
269,21,0.008241758241758242
269,22,0.012362637362637362
269,23,0.006868131868131868
27,0,0.004120879120879121
27,1,0.004120879120879121
27,2,0.0013736263736263737
27,3,0.0
27,4,0.0013736263736263737
27,5,0.006868131868131868
27,6,0.0260989010989011
27,7,0.042582417582417584
27,8,0.46291208791208793
27,9,0.4574175824175824
27,10,0.25824175824175827
27,11,0.25824175824175827
27,12,0.2815934065934066
27,13,0.32967032967032966
27,14,0.35027472527472525
27,15,0.32142857142857145
27,16,0.2815934065934066
27,17,0.23626373626373626
27,18,0.1662087912087912
27,19,0.10164835164835165
27,20,0.061813186813186816
27,21,0.03708791208791209
27,22,0.01510989010989011
27,23,0.005494505494505495
270,0,0.01510989010989011
270,1,0.004120879120879121
270,2,0.0027472527472527475
270,3,0.006868131868131868
270,4,0.009615384615384616
270,5,0.009615384615384616
270,6,0.046703296703296704
270,7,0.27197802197802196
270,8,0.4175824175824176
270,9,0.5714285714285714
270,10,0.5947802197802198
270,11,0.760989010989011
270,12,0.967032967032967
270,13,0.9711538461538461
270,14,1.0096153846153846
270,15,0.9725274725274725
270,16,0.7870879120879121
270,17,0.6634615384615384
270,18,0.3489010989010989
270,19,0.19917582417582416
270,20,0.14285714285714285
270,21,0.08653846153846154
270,22,0.05357142857142857
270,23,0.02197802197802198
271,0,0.07005494505494506
271,1,0.057692307692307696
271,2,0.03708791208791209
271,3,0.02197802197802198
271,4,0.03021978021978022
271,5,0.06593406593406594
271,6,0.11813186813186813
271,7,0.25274725274725274
271,8,0.3598901098901099
271,9,0.36813186813186816
271,10,0.46016483516483514
271,11,0.4945054945054945
271,12,0.5370879120879121
271,13,0.5824175824175825
271,14,0.6428571428571429
271,15,0.6771978021978022
271,16,0.7129120879120879
271,17,0.7129120879120879
271,18,0.5851648351648352
271,19,0.5384615384615384
271,20,0.4065934065934066
271,21,0.3090659340659341
271,22,0.17857142857142858
271,23,0.12087912087912088
272,0,0.10302197802197802
272,1,0.06593406593406594
272,2,0.04395604395604396
272,3,0.034340659340659344
272,4,0.03571428571428571
272,5,0.06456043956043957
272,6,0.12774725274725274
272,7,0.32005494505494503
272,8,0.38186813186813184
272,9,0.35714285714285715
272,10,0.43543956043956045
272,11,0.4024725274725275
272,12,0.43131868131868134
272,13,0.5
272,14,0.5563186813186813
272,15,0.5535714285714286
272,16,0.5796703296703297
272,17,0.6524725274725275
272,18,0.6181318681318682
272,19,0.5178571428571429
272,20,0.4532967032967033
272,21,0.3791208791208791
272,22,0.23214285714285715
272,23,0.1620879120879121
273,0,0.07417582417582418
273,1,0.05631868131868132
273,2,0.059065934065934064
273,3,0.057692307692307696
273,4,0.057692307692307696
273,5,0.059065934065934064
273,6,0.06868131868131869
273,7,0.10989010989010989
273,8,0.1565934065934066
273,9,0.28434065934065933
273,10,0.2802197802197802
273,11,0.31868131868131866
273,12,0.3282967032967033
273,13,0.3557692307692308
273,14,0.40796703296703296
273,15,0.3557692307692308
273,16,0.36126373626373626
273,17,0.3159340659340659
273,18,0.2651098901098901
273,19,0.25
273,20,0.2184065934065934
273,21,0.17307692307692307
273,22,0.12087912087912088
273,23,0.11401098901098901
274,0,0.09065934065934066
274,1,0.057692307692307696
274,2,0.0260989010989011
274,3,0.03983516483516483
274,4,0.0260989010989011
274,5,0.04945054945054945
274,6,0.09203296703296704
274,7,0.12225274725274725
274,8,0.2184065934065934
274,9,0.33516483516483514
274,10,0.36126373626373626
274,11,0.39697802197802196
274,12,0.39697802197802196
274,13,0.36813186813186816
274,14,0.38324175824175827
274,15,0.34203296703296704
274,16,0.3983516483516483
274,17,0.38324175824175827
274,18,0.3557692307692308
274,19,0.34065934065934067
274,20,0.35027472527472525
274,21,0.28983516483516486
274,22,0.18269230769230768
274,23,0.1304945054945055
275,0,0.023351648351648352
275,1,0.01098901098901099
275,2,0.012362637362637362
275,3,0.008241758241758242
275,4,0.16071428571428573
275,5,0.23214285714285715
275,6,0.13598901098901098
275,7,0.22252747252747251
275,8,0.30357142857142855
275,9,0.36126373626373626
275,10,0.3489010989010989
275,11,0.37225274725274726
275,12,0.41620879120879123
275,13,0.37637362637362637
275,14,0.3956043956043956
275,15,0.4340659340659341
275,16,0.5659340659340659
275,17,0.5494505494505495
275,18,0.5027472527472527
275,19,0.49175824175824173
275,20,0.4793956043956044
275,21,0.37637362637362637
275,22,0.20192307692307693
275,23,0.0782967032967033
276,0,0.02197802197802198
276,1,0.020604395604395604
276,2,0.009615384615384616
276,3,0.008241758241758242
276,4,0.013736263736263736
276,5,0.01510989010989011
276,6,0.10576923076923077
276,7,0.11263736263736264
276,8,0.0673076923076923
276,9,0.08104395604395605
276,10,0.14835164835164835
276,11,0.20054945054945056
276,12,0.25961538461538464
276,13,0.3008241758241758
276,14,0.34065934065934067
276,15,0.3804945054945055
276,16,0.3392857142857143
276,17,0.32554945054945056
276,18,0.26373626373626374
276,19,0.1662087912087912
276,20,0.125
276,21,0.08928571428571429
276,22,0.046703296703296704
276,23,0.038461538461538464
277,0,0.020604395604395604
277,1,0.01098901098901099
277,2,0.004120879120879121
277,3,0.0013736263736263737
277,4,0.004120879120879121
277,5,0.03571428571428571
277,6,0.15934065934065933
277,7,0.1565934065934066
277,8,0.10851648351648352
277,9,0.16346153846153846
277,10,0.2129120879120879
277,11,0.31868131868131866
277,12,0.375
277,13,0.45879120879120877
277,14,0.5096153846153846
277,15,0.4697802197802198
277,16,0.42445054945054944
277,17,0.3626373626373626
277,18,0.24175824175824176
277,19,0.16071428571428573
277,20,0.12637362637362637
277,21,0.10302197802197802
277,22,0.09752747252747253
277,23,0.042582417582417584
278,0,0.012362637362637362
278,1,0.009615384615384616
278,2,0.005494505494505495
278,3,0.0027472527472527475
278,4,0.0027472527472527475
278,5,0.0027472527472527475
278,6,0.050824175824175824
278,7,0.08791208791208792
278,8,0.07967032967032966
278,9,0.11538461538461539
278,10,0.21428571428571427
278,11,0.3021978021978022
278,12,0.35027472527472525
278,13,0.3983516483516483
278,14,0.4409340659340659
278,15,0.41483516483516486
278,16,0.42994505494505497
278,17,0.30494505494505497
278,18,0.22527472527472528
278,19,0.13324175824175824
278,20,0.08241758241758242
278,21,0.08379120879120878
278,22,0.046703296703296704
278,23,0.019230769230769232
279,0,0.0027472527472527475
279,1,0.004120879120879121
279,2,0.004120879120879121
279,3,0.0027472527472527475
279,4,0.0027472527472527475
279,5,0.006868131868131868
279,6,0.054945054945054944
279,7,0.0673076923076923
279,8,0.042582417582417584
279,9,0.0782967032967033
279,10,0.1510989010989011
279,11,0.26373626373626374
279,12,0.3008241758241758
279,13,0.33104395604395603
279,14,0.35302197802197804
279,15,0.3447802197802198
279,16,0.3282967032967033
279,17,0.22939560439560439
279,18,0.13873626373626374
279,19,0.08516483516483517
279,20,0.04532967032967033
279,21,0.04120879120879121
279,22,0.03159340659340659
279,23,0.016483516483516484
28,0,0.11538461538461539
28,1,0.06318681318681318
28,2,0.028846153846153848
28,3,0.054945054945054944
28,4,0.050824175824175824
28,5,0.03983516483516483
28,6,0.06593406593406594
28,7,0.13324175824175824
28,8,0.20741758241758243
28,9,0.3008241758241758
28,10,0.375
28,11,0.45604395604395603
28,12,0.5151098901098901
28,13,0.43956043956043955
28,14,0.42857142857142855
28,15,0.4340659340659341
28,16,0.4326923076923077
28,17,0.40934065934065933
28,18,0.4010989010989011
28,19,0.3901098901098901
28,20,0.3598901098901099
28,21,0.29120879120879123
28,22,0.22527472527472528
28,23,0.17994505494505494
280,0,0.0013736263736263737
280,1,0.0
280,2,0.0
280,3,0.0
280,4,0.0
280,5,0.0027472527472527475
280,6,0.024725274725274724
280,7,0.05357142857142857
280,8,0.0782967032967033
280,9,0.06593406593406594
280,10,0.09065934065934066
280,11,0.17307692307692307
280,12,0.2087912087912088
280,13,0.23076923076923078
280,14,0.28296703296703296
280,15,0.2802197802197802
280,16,0.20604395604395603
280,17,0.14285714285714285
280,18,0.08791208791208792
280,19,0.028846153846153848
280,20,0.016483516483516484
280,21,0.02197802197802198
280,22,0.019230769230769232
280,23,0.008241758241758242
281,0,0.042582417582417584
281,1,0.034340659340659344
281,2,0.02197802197802198
281,3,0.02197802197802198
281,4,0.02197802197802198
281,5,0.03159340659340659
281,6,0.07417582417582418
281,7,0.10989010989010989
281,8,0.2239010989010989
281,9,0.22115384615384615
281,10,0.2087912087912088
281,11,0.21016483516483517
281,12,0.30494505494505497
281,13,0.2651098901098901
281,14,0.21703296703296704
281,15,0.2760989010989011
281,16,0.24175824175824176
281,17,0.2348901098901099
281,18,0.22802197802197802
281,19,0.16071428571428573
281,20,0.12912087912087913
281,21,0.10989010989010989
281,22,0.0782967032967033
281,23,0.03571428571428571
282,0,0.16483516483516483
282,1,0.23214285714285715
282,2,0.3626373626373626
282,3,0.5123626373626373
282,4,0.40796703296703296
282,5,0.2802197802197802
282,6,0.23351648351648352
282,7,0.13598901098901098
282,8,0.16483516483516483
282,9,0.28296703296703296
282,10,0.4574175824175824
282,11,0.5357142857142857
282,12,0.5604395604395604
282,13,0.6332417582417582
282,14,0.5728021978021978
282,15,0.6291208791208791
282,16,0.6923076923076923
282,17,0.7101648351648352
282,18,0.7843406593406593
282,19,0.7953296703296703
282,20,0.6840659340659341
282,21,0.5645604395604396
282,22,0.41346153846153844
282,23,0.19917582417582416
283,0,0.1717032967032967
283,1,0.18818681318681318
283,2,0.2445054945054945
283,3,0.29532967032967034
283,4,0.20604395604395603
283,5,0.2129120879120879
283,6,0.17032967032967034
283,7,0.0989010989010989
283,8,0.13186813186813187
283,9,0.20741758241758243
283,10,0.3804945054945055
283,11,0.5288461538461539
283,12,0.5576923076923077
283,13,0.5508241758241759
283,14,0.5782967032967034
283,15,0.6181318681318682
283,16,0.6414835164835165
283,17,0.7239010989010989
283,18,0.8076923076923077
283,19,0.7417582417582418
283,20,0.5975274725274725
283,21,0.4739010989010989
283,22,0.33379120879120877
283,23,0.19642857142857142
284,0,0.07417582417582418
284,1,0.03021978021978022
284,2,0.03021978021978022
284,3,0.027472527472527472
284,4,0.21428571428571427
284,5,0.43956043956043955
284,6,0.38461538461538464
284,7,0.25274725274725274
284,8,0.23351648351648352
284,9,0.2774725274725275
284,10,0.33791208791208793
284,11,0.43956043956043955
284,12,0.4368131868131868
284,13,0.4807692307692308
284,14,0.4945054945054945
284,15,0.5302197802197802
284,16,0.46153846153846156
284,17,0.49725274725274726
284,18,0.5192307692307693
284,19,0.49725274725274726
284,20,0.43131868131868134
284,21,0.4642857142857143
284,22,0.521978021978022
284,23,0.22802197802197802
285,0,0.024725274725274724
285,1,0.008241758241758242
285,2,0.0
285,3,0.005494505494505495
285,4,0.013736263736263736
285,5,0.07692307692307693
285,6,0.12912087912087913
285,7,0.21153846153846154
285,8,0.19230769230769232
285,9,0.36538461538461536
285,10,0.48626373626373626
285,11,0.4807692307692308
285,12,0.5384615384615384
285,13,0.5137362637362637
285,14,0.47802197802197804
285,15,0.4807692307692308
285,16,0.521978021978022
285,17,0.521978021978022
285,18,0.42032967032967034
285,19,0.3434065934065934
285,20,0.3159340659340659
285,21,0.17857142857142858
285,22,0.07967032967032966
285,23,0.057692307692307696
286,0,0.013736263736263736
286,1,0.013736263736263736
286,2,0.005494505494505495
286,3,0.0
286,4,0.005494505494505495
286,5,0.027472527472527472
286,6,0.057692307692307696
286,7,0.08516483516483517
286,8,0.12637362637362637
286,9,0.17307692307692307
286,10,0.25
286,11,0.3021978021978022
286,12,0.36538461538461536
286,13,0.38461538461538464
286,14,0.36813186813186816
286,15,0.4010989010989011
286,16,0.37362637362637363
286,17,0.37362637362637363
286,18,0.3131868131868132
286,19,0.23351648351648352
286,20,0.19505494505494506
286,21,0.11813186813186813
286,22,0.0521978021978022
286,23,0.03296703296703297
287,0,0.0521978021978022
287,1,0.019230769230769232
287,2,0.009615384615384616
287,3,0.004120879120879121
287,4,0.012362637362637362
287,5,0.017857142857142856
287,6,0.04945054945054945
287,7,0.07142857142857142
287,8,0.34203296703296704
287,9,0.47115384615384615
287,10,0.5068681318681318
287,11,0.45879120879120877
287,12,0.41895604395604397
287,13,0.41208791208791207
287,14,0.4835164835164835
287,15,0.47115384615384615
287,16,0.42445054945054944
287,17,0.4175824175824176
287,18,0.35302197802197804
287,19,0.2857142857142857
287,20,0.22664835164835165
287,21,0.16346153846153846
287,22,0.11538461538461539
287,23,0.06318681318681318
288,0,0.0
288,1,0.0
288,2,0.0013736263736263737
288,3,0.0
288,4,0.0
288,5,0.006868131868131868
288,6,0.013736263736263736
288,7,0.038461538461538464
288,8,0.08928571428571429
288,9,0.14972527472527472
288,10,0.2032967032967033
288,11,0.1717032967032967
288,12,0.10714285714285714
288,13,0.1565934065934066
288,14,0.18543956043956045
288,15,0.15796703296703296
288,16,0.21016483516483517
288,17,0.1717032967032967
288,18,0.06593406593406594
288,19,0.034340659340659344
288,20,0.05357142857142857
288,21,0.019230769230769232
288,22,0.004120879120879121
288,23,0.0013736263736263737
289,0,0.04532967032967033
289,1,0.03021978021978022
289,2,0.016483516483516484
289,3,0.013736263736263736
289,4,0.012362637362637362
289,5,0.020604395604395604
289,6,0.059065934065934064
289,7,0.10027472527472528
289,8,0.10714285714285714
289,9,0.1662087912087912
289,10,0.1565934065934066
289,11,0.11675824175824176
289,12,0.1043956043956044
289,13,0.09340659340659341
289,14,0.09203296703296704
289,15,0.11675824175824176
289,16,0.1813186813186813
289,17,0.18818681318681318
289,18,0.21153846153846154
289,19,0.25824175824175827
289,20,0.2857142857142857
289,21,0.2692307692307692
289,22,0.21978021978021978
289,23,0.10164835164835165
29,0,0.09203296703296704
29,1,0.06593406593406594
29,2,0.05631868131868132
29,3,0.06318681318681318
29,4,0.12087912087912088
29,5,0.10989010989010989
29,6,0.08241758241758242
29,7,0.10714285714285714
29,8,0.16071428571428573
29,9,0.2857142857142857
29,10,0.3008241758241758
29,11,0.33379120879120877
29,12,0.36126373626373626
29,13,0.3695054945054945
29,14,0.37774725274725274
29,15,0.3942307692307692
29,16,0.3447802197802198
29,17,0.33379120879120877
29,18,0.2925824175824176
29,19,0.2925824175824176
29,20,0.2774725274725275
29,21,0.25686813186813184
29,22,0.19505494505494506
29,23,0.12774725274725274
290,0,0.07967032967032966
290,1,0.054945054945054944
290,2,0.027472527472527472
290,3,0.019230769230769232
290,4,0.016483516483516484
290,5,0.019230769230769232
290,6,0.016483516483516484
290,7,0.0521978021978022
290,8,0.10989010989010989
290,9,0.14285714285714285
290,10,0.13736263736263737
290,11,0.34615384615384615
290,12,0.4532967032967033
290,13,0.3241758241758242
290,14,0.22252747252747251
290,15,0.21978021978021978
290,16,0.23626373626373626
290,17,0.3076923076923077
290,18,0.3434065934065934
290,19,0.29945054945054944
290,20,0.2032967032967033
290,21,0.18681318681318682
290,22,0.1813186813186813
290,23,0.11263736263736264
291,0,0.034340659340659344
291,1,0.020604395604395604
291,2,0.008241758241758242
291,3,0.004120879120879121
291,4,0.0027472527472527475
291,5,0.012362637362637362
291,6,0.03296703296703297
291,7,0.07692307692307693
291,8,0.21153846153846154
291,9,0.3076923076923077
291,10,0.49862637362637363
291,11,0.6043956043956044
291,12,0.4491758241758242
291,13,0.3543956043956044
291,14,0.3626373626373626
291,15,0.3708791208791209
291,16,0.41483516483516486
291,17,0.49313186813186816
291,18,0.5384615384615384
291,19,0.4835164835164835
291,20,0.33791208791208793
291,21,0.1936813186813187
291,22,0.11538461538461539
291,23,0.08379120879120878
293,0,0.017857142857142856
293,1,0.009615384615384616
293,2,0.005494505494505495
293,3,0.0013736263736263737
293,4,0.005494505494505495
293,5,0.013736263736263736
293,6,0.027472527472527472
293,7,0.07005494505494506
293,8,0.1346153846153846
293,9,0.10576923076923077
293,10,0.11126373626373626
293,11,0.13873626373626374
293,12,0.1936813186813187
293,13,0.19917582417582416
293,14,0.1771978021978022
293,15,0.13598901098901098
293,16,0.12225274725274725
293,17,0.2087912087912088
293,18,0.18543956043956045
293,19,0.14835164835164835
293,20,0.11950549450549451
293,21,0.08516483516483517
293,22,0.0521978021978022
293,23,0.04120879120879121
294,0,0.24862637362637363
294,1,0.12362637362637363
294,2,0.050824175824175824
294,3,0.04120879120879121
294,4,0.08653846153846154
294,5,0.15521978021978022
294,6,0.26373626373626374
294,7,0.4326923076923077
294,8,0.8145604395604396
294,9,0.8846153846153846
294,10,0.8351648351648352
294,11,0.9546703296703297
294,12,1.0370879120879122
294,13,1.043956043956044
294,14,0.9478021978021978
294,15,0.9491758241758241
294,16,1.043956043956044
294,17,1.0453296703296704
294,18,0.9931318681318682
294,19,0.8626373626373627
294,20,0.8159340659340659
294,21,0.6675824175824175
294,22,0.4642857142857143
294,23,0.36538461538461536
295,0,0.01098901098901099
295,1,0.005494505494505495
295,2,0.0
295,3,0.0027472527472527475
295,4,0.0027472527472527475
295,5,0.005494505494505495
295,6,0.016483516483516484
295,7,0.046703296703296704
295,8,0.04120879120879121
295,9,0.07967032967032966
295,10,0.12362637362637363
295,11,0.2087912087912088
295,12,0.3076923076923077
295,13,0.2664835164835165
295,14,0.2664835164835165
295,15,0.25274725274725274
295,16,0.19230769230769232
295,17,0.23076923076923078
295,18,0.2032967032967033
295,19,0.13736263736263737
295,20,0.10714285714285714
295,21,0.057692307692307696
295,22,0.02197802197802198
295,23,0.008241758241758242
296,0,0.016483516483516484
296,1,0.005494505494505495
296,2,0.005494505494505495
296,3,0.0
296,4,0.0
296,5,0.0027472527472527475
296,6,0.013736263736263736
296,7,0.03571428571428571
296,8,0.06318681318681318
296,9,0.15384615384615385
296,10,0.2087912087912088
296,11,0.27197802197802196
296,12,0.3131868131868132
296,13,0.3708791208791209
296,14,0.35714285714285715
296,15,0.3131868131868132
296,16,0.27197802197802196
296,17,0.2802197802197802
296,18,0.24175824175824176
296,19,0.1620879120879121
296,20,0.14560439560439561
296,21,0.10164835164835165
296,22,0.046703296703296704
296,23,0.02197802197802198
297,0,0.019230769230769232
297,1,0.01098901098901099
297,2,0.0
297,3,0.0
297,4,0.0
297,5,0.005494505494505495
297,6,0.027472527472527472
297,7,0.06043956043956044
297,8,0.12637362637362637
297,9,0.16483516483516483
297,10,0.21428571428571427
297,11,0.2664835164835165
297,12,0.33791208791208793
297,13,0.32967032967032966
297,14,0.3434065934065934
297,15,0.33791208791208793
297,16,0.33791208791208793
297,17,0.3791208791208791
297,18,0.2692307692307692
297,19,0.18956043956043955
297,20,0.1510989010989011
297,21,0.10989010989010989
297,22,0.06318681318681318
297,23,0.04120879120879121
298,0,0.013736263736263736
298,1,0.01098901098901099
298,2,0.005494505494505495
298,3,0.0
298,4,0.0
298,5,0.01098901098901099
298,6,0.03296703296703297
298,7,0.06043956043956044
298,8,0.12362637362637363
298,9,0.22252747252747251
298,10,0.3159340659340659
298,11,0.3626373626373626
298,12,0.36813186813186816
298,13,0.4175824175824176
298,14,0.3543956043956044
298,15,0.38186813186813184
298,16,0.3543956043956044
298,17,0.32142857142857145
298,18,0.2774725274725275
298,19,0.21703296703296704
298,20,0.17307692307692307
298,21,0.14835164835164835
298,22,0.10989010989010989
298,23,0.027472527472527472
299,0,0.005494505494505495
299,1,0.0
299,2,0.0027472527472527475
299,3,0.008241758241758242
299,4,0.008241758241758242
299,5,0.0027472527472527475
299,6,0.005494505494505495
299,7,0.03571428571428571
299,8,0.07692307692307693
299,9,0.11813186813186813
299,10,0.14560439560439561
299,11,0.18681318681318682
299,12,0.21978021978021978
299,13,0.23076923076923078
299,14,0.22252747252747251
299,15,0.19230769230769232
299,16,0.20054945054945056
299,17,0.2032967032967033
299,18,0.15384615384615385
299,19,0.10989010989010989
299,20,0.08516483516483517
299,21,0.06593406593406594
299,22,0.038461538461538464
299,23,0.013736263736263736
3,0,0.07692307692307693
3,1,0.0673076923076923
3,2,0.028846153846153848
3,3,0.009615384615384616
3,4,0.006868131868131868
3,5,0.028846153846153848
3,6,0.050824175824175824
3,7,0.06318681318681318
3,8,0.10576923076923077
3,9,0.1401098901098901
3,10,0.20467032967032966
3,11,0.29120879120879123
3,12,0.3708791208791209
3,13,0.28296703296703296
3,14,0.23076923076923078
3,15,0.1565934065934066
3,16,0.1565934065934066
3,17,0.15384615384615385
3,18,0.19093406593406592
3,19,0.16758241758241757
3,20,0.10714285714285714
3,21,0.08928571428571429
3,22,0.09203296703296704
3,23,0.05631868131868132
30,0,0.008241758241758242
30,1,0.008241758241758242
30,2,0.02197802197802198
30,3,0.024725274725274724
30,4,0.013736263736263736
30,5,0.008241758241758242
30,6,0.027472527472527472
30,7,0.07692307692307693
30,8,0.12087912087912088
30,9,0.06318681318681318
30,10,0.07142857142857142
30,11,0.15384615384615385
30,12,0.16483516483516483
30,13,0.14285714285714285
30,14,0.1401098901098901
30,15,0.16758241758241757
30,16,0.14560439560439561
30,17,0.21978021978021978
30,18,0.24725274725274726
30,19,0.19505494505494506
30,20,0.1346153846153846
30,21,0.07417582417582418
30,22,0.03571428571428571
30,23,0.013736263736263736
300,0,0.013736263736263736
300,1,0.004120879120879121
300,2,0.0027472527472527475
300,3,0.005494505494505495
300,4,0.01510989010989011
300,5,0.04945054945054945
300,6,0.1717032967032967
300,7,0.22802197802197802
300,8,0.33653846153846156
300,9,0.33791208791208793
300,10,0.4107142857142857
300,11,0.3516483516483517
300,12,0.3791208791208791
300,13,0.3901098901098901
300,14,0.4381868131868132
300,15,0.44505494505494503
300,16,0.4065934065934066
300,17,0.39697802197802196
300,18,0.4024725274725275
300,19,0.3392857142857143
300,20,0.24313186813186813
300,21,0.15247252747252749
300,22,0.08241758241758242
300,23,0.04120879120879121
301,0,0.038461538461538464
301,1,0.008241758241758242
301,2,0.01098901098901099
301,3,0.008241758241758242
301,4,0.0027472527472527475
301,5,0.02197802197802198
301,6,0.07692307692307693
301,7,0.16758241758241757
301,8,0.1978021978021978
301,9,0.14835164835164835
301,10,0.14835164835164835
301,11,0.2087912087912088
301,12,0.20604395604395603
301,13,0.21978021978021978
301,14,0.25274725274725274
301,15,0.25274725274725274
301,16,0.3076923076923077
301,17,0.3131868131868132
301,18,0.2774725274725275
301,19,0.21703296703296704
301,20,0.12362637362637363
301,21,0.057692307692307696
301,22,0.03296703296703297
301,23,0.03296703296703297
302,0,0.0013736263736263737
302,1,0.0013736263736263737
302,2,0.0
302,3,0.0
302,4,0.0013736263736263737
302,5,0.0027472527472527475
302,6,0.0027472527472527475
302,7,0.0027472527472527475
302,8,0.009615384615384616
302,9,0.009615384615384616
302,10,0.012362637362637362
302,11,0.01510989010989011
302,12,0.016483516483516484
302,13,0.027472527472527472
302,14,0.027472527472527472
302,15,0.0260989010989011
302,16,0.020604395604395604
302,17,0.012362637362637362
302,18,0.006868131868131868
302,19,0.004120879120879121
302,20,0.0027472527472527475
302,21,0.0013736263736263737
302,22,0.004120879120879121
302,23,0.0013736263736263737
303,0,0.0013736263736263737
303,1,0.0
303,2,0.0
303,3,0.0
303,4,0.0013736263736263737
303,5,0.0013736263736263737
303,6,0.006868131868131868
303,7,0.02197802197802198
303,8,0.024725274725274724
303,9,0.046703296703296704
303,10,0.05631868131868132
303,11,0.04945054945054945
303,12,0.054945054945054944
303,13,0.08379120879120878
303,14,0.09478021978021978
303,15,0.0989010989010989
303,16,0.07554945054945054
303,17,0.05357142857142857
303,18,0.03296703296703297
303,19,0.020604395604395604
303,20,0.019230769230769232
303,21,0.01510989010989011
303,22,0.008241758241758242
303,23,0.005494505494505495
304,0,0.03021978021978022
304,1,0.04120879120879121
304,2,0.04120879120879121
304,3,0.04120879120879121
304,4,0.028846153846153848
304,5,0.0260989010989011
304,6,0.03021978021978022
304,7,0.057692307692307696
304,8,0.07417582417582418
304,9,0.09478021978021978
304,10,0.10989010989010989
304,11,0.14560439560439561
304,12,0.18543956043956045
304,13,0.1662087912087912
304,14,0.17582417582417584
304,15,0.19093406593406592
304,16,0.14285714285714285
304,17,0.11126373626373626
304,18,0.11675824175824176
304,19,0.11675824175824176
304,20,0.10027472527472528
304,21,0.05631868131868132
304,22,0.04120879120879121
304,23,0.03708791208791209
305,0,0.10302197802197802
305,1,0.08791208791208792
305,2,0.11401098901098901
305,3,0.09615384615384616
305,4,0.05631868131868132
305,5,0.07005494505494506
305,6,0.07692307692307693
305,7,0.13736263736263737
305,8,0.18543956043956045
305,9,0.16071428571428573
305,10,0.17445054945054944
305,11,0.20741758241758243
305,12,0.23076923076923078
305,13,0.22939560439560439
305,14,0.25
305,15,0.25961538461538464
305,16,0.260989010989011
305,17,0.2541208791208791
305,18,0.25137362637362637
305,19,0.22115384615384615
305,20,0.14697802197802198
305,21,0.09752747252747253
305,22,0.06593406593406594
305,23,0.08241758241758242
306,0,0.008241758241758242
306,1,0.0027472527472527475
306,2,0.0
306,3,0.0027472527472527475
306,4,0.0
306,5,0.0
306,6,0.013736263736263736
306,7,0.0521978021978022
306,8,0.11263736263736264
306,9,0.11263736263736264
306,10,0.11538461538461539
306,11,0.16758241758241757
306,12,0.17032967032967034
306,13,0.1813186813186813
306,14,0.1401098901098901
306,15,0.11538461538461539
306,16,0.1401098901098901
306,17,0.17032967032967034
306,18,0.10989010989010989
306,19,0.08516483516483517
306,20,0.07967032967032966
306,21,0.07967032967032966
306,22,0.038461538461538464
306,23,0.019230769230769232
307,0,0.008241758241758242
307,1,0.006868131868131868
307,2,0.012362637362637362
307,3,0.020604395604395604
307,4,0.04532967032967033
307,5,0.04945054945054945
307,6,0.054945054945054944
307,7,0.07554945054945054
307,8,0.10164835164835165
307,9,0.1043956043956044
307,10,0.13186813186813187
307,11,0.15796703296703296
307,12,0.16071428571428573
307,13,0.13736263736263737
307,14,0.21428571428571427
307,15,0.22802197802197802
307,16,0.2087912087912088
307,17,0.14560439560439561
307,18,0.12362637362637363
307,19,0.09752747252747253
307,20,0.08928571428571429
307,21,0.061813186813186816
307,22,0.034340659340659344
307,23,0.009615384615384616
308,0,0.005494505494505495
308,1,0.0013736263736263737
308,2,0.004120879120879121
308,3,0.0013736263736263737
308,4,0.0
308,5,0.012362637362637362
308,6,0.024725274725274724
308,7,0.06593406593406594
308,8,0.19230769230769232
308,9,0.20054945054945056
308,10,0.14835164835164835
308,11,0.16758241758241757
308,12,0.24862637362637363
308,13,0.1662087912087912
308,14,0.19917582417582416
308,15,0.17445054945054944
308,16,0.16346153846153846
308,17,0.14148351648351648
308,18,0.14148351648351648
308,19,0.10576923076923077
308,20,0.07005494505494506
308,21,0.03571428571428571
308,22,0.034340659340659344
308,23,0.016483516483516484
309,0,0.013736263736263736
309,1,0.01098901098901099
309,2,0.01098901098901099
309,3,0.017857142857142856
309,4,0.017857142857142856
309,5,0.046703296703296704
309,6,0.11538461538461539
309,7,0.33791208791208793
309,8,0.45467032967032966
309,9,0.5164835164835165
309,10,0.5563186813186813
309,11,0.5206043956043956
309,12,0.5315934065934066
309,13,0.5453296703296703
309,14,0.5728021978021978
309,15,0.5508241758241759
309,16,0.5535714285714286
309,17,0.5453296703296703
309,18,0.5096153846153846
309,19,0.489010989010989
309,20,0.4326923076923077
309,21,0.2554945054945055
309,22,0.12362637362637363
309,23,0.046703296703296704
31,0,0.006868131868131868
31,1,0.006868131868131868
31,2,0.005494505494505495
31,3,0.005494505494505495
31,4,0.005494505494505495
31,5,0.01098901098901099
31,6,0.03296703296703297
31,7,0.038461538461538464
31,8,0.08516483516483517
31,9,0.14835164835164835
31,10,0.15934065934065933
31,11,0.10576923076923077
31,12,0.10302197802197802
31,13,0.12087912087912088
31,14,0.1043956043956044
31,15,0.11538461538461539
31,16,0.125
31,17,0.09752747252747253
31,18,0.03021978021978022
31,19,0.027472527472527472
31,20,0.016483516483516484
31,21,0.012362637362637362
31,22,0.01098901098901099
31,23,0.009615384615384616
310,0,0.14697802197802198
310,1,0.11675824175824176
310,2,0.08791208791208792
310,3,0.06593406593406594
310,4,0.06318681318681318
310,5,0.26785714285714285
310,6,0.2733516483516483
310,7,0.260989010989011
310,8,0.3557692307692308
310,9,0.4491758241758242
310,10,0.44642857142857145
310,11,0.4368131868131868
310,12,0.4478021978021978
310,13,0.46291208791208793
310,14,0.4532967032967033
310,15,0.47115384615384615
310,16,0.49313186813186816
310,17,0.6057692307692307
310,18,0.6222527472527473
310,19,0.5741758241758241
310,20,0.4024725274725275
310,21,0.3118131868131868
310,22,0.2815934065934066
310,23,0.21153846153846154
311,0,0.1043956043956044
311,1,0.10302197802197802
311,2,0.11126373626373626
311,3,0.08241758241758242
311,4,0.07280219780219781
311,5,0.18406593406593408
311,6,0.23763736263736263
311,7,0.28983516483516486
311,8,0.41346153846153844
311,9,0.4876373626373626
311,10,0.3901098901098901
311,11,0.4217032967032967
311,12,0.49038461538461536
311,13,0.5027472527472527
311,14,0.43131868131868134
311,15,0.4848901098901099
311,16,0.532967032967033
311,17,0.6497252747252747
311,18,0.5769230769230769
311,19,0.49175824175824173
311,20,0.3804945054945055
311,21,0.3008241758241758
311,22,0.2541208791208791
311,23,0.18406593406593408
312,0,0.04120879120879121
312,1,0.027472527472527472
312,2,0.03021978021978022
312,3,0.0260989010989011
312,4,0.0260989010989011
312,5,0.03159340659340659
312,6,0.059065934065934064
312,7,0.18406593406593408
312,8,0.18681318681318682
312,9,0.31868131868131866
312,10,0.3076923076923077
312,11,0.3131868131868132
312,12,0.42445054945054944
312,13,0.46291208791208793
312,14,0.45879120879120877
312,15,0.47115384615384615
312,16,0.4848901098901099
312,17,0.4271978021978022
312,18,0.37774725274725274
312,19,0.2980769230769231
312,20,0.16483516483516483
312,21,0.10576923076923077
312,22,0.0782967032967033
312,23,0.046703296703296704
313,0,0.06456043956043957
313,1,0.04807692307692308
313,2,0.04395604395604396
313,3,0.04395604395604396
313,4,0.06868131868131869
313,5,0.06868131868131869
313,6,0.09203296703296704
313,7,0.14835164835164835
313,8,0.2445054945054945
313,9,0.4175824175824176
313,10,0.48626373626373626
313,11,0.4807692307692308
313,12,0.5645604395604396
313,13,0.635989010989011
313,14,0.6153846153846154
313,15,0.6991758241758241
313,16,0.7101648351648352
313,17,0.6552197802197802
313,18,0.5137362637362637
313,19,0.4258241758241758
313,20,0.32005494505494503
313,21,0.24725274725274726
313,22,0.1813186813186813
313,23,0.08928571428571429
314,0,0.0
314,1,0.0013736263736263737
314,2,0.0013736263736263737
314,3,0.0
314,4,0.0
314,5,0.0
314,6,0.0
314,7,0.0
314,8,0.0
314,9,0.01510989010989011
314,10,0.03159340659340659
314,11,0.017857142857142856
314,12,0.017857142857142856
314,13,0.016483516483516484
314,14,0.01098901098901099
314,15,0.016483516483516484
314,16,0.019230769230769232
314,17,0.01098901098901099
314,18,0.006868131868131868
314,19,0.0027472527472527475
314,20,0.004120879120879121
314,21,0.0013736263736263737
314,22,0.0013736263736263737
314,23,0.0013736263736263737
315,0,0.0
315,1,0.0
315,2,0.0
315,3,0.0
315,4,0.0
315,5,0.0
315,6,0.0013736263736263737
315,7,0.0013736263736263737
315,8,0.0027472527472527475
315,9,0.016483516483516484
315,10,0.02197802197802198
315,11,0.016483516483516484
315,12,0.023351648351648352
315,13,0.03983516483516483
315,14,0.03021978021978022
315,15,0.024725274725274724
315,16,0.02197802197802198
315,17,0.006868131868131868
315,18,0.009615384615384616
315,19,0.0
315,20,0.0
315,21,0.0
315,22,0.0
315,23,0.0
316,0,0.009615384615384616
316,1,0.009615384615384616
316,2,0.004120879120879121
316,3,0.0027472527472527475
316,4,0.0027472527472527475
316,5,0.006868131868131868
316,6,0.024725274725274724
316,7,0.04945054945054945
316,8,0.05357142857142857
316,9,0.07967032967032966
316,10,0.07967032967032966
316,11,0.10714285714285714
316,12,0.12362637362637363
316,13,0.10164835164835165
316,14,0.10714285714285714
316,15,0.10989010989010989
316,16,0.14697802197802198
316,17,0.14423076923076922
316,18,0.10989010989010989
316,19,0.050824175824175824
316,20,0.050824175824175824
316,21,0.06043956043956044
316,22,0.03296703296703297
316,23,0.012362637362637362
317,0,0.016483516483516484
317,1,0.0027472527472527475
317,2,0.005494505494505495
317,3,0.023351648351648352
317,4,0.03021978021978022
317,5,0.050824175824175824
317,6,0.10027472527472528
317,7,0.17032967032967034
317,8,0.17582417582417584
317,9,0.14972527472527472
317,10,0.19642857142857142
317,11,0.22115384615384615
317,12,0.19230769230769232
317,13,0.12774725274725274
317,14,0.14148351648351648
317,15,0.16071428571428573
317,16,0.22527472527472528
317,17,0.28296703296703296
317,18,0.22527472527472528
317,19,0.10302197802197802
317,20,0.08104395604395605
317,21,0.04945054945054945
317,22,0.0521978021978022
317,23,0.03571428571428571
318,0,0.0027472527472527475
318,1,0.0013736263736263737
318,2,0.0
318,3,0.0
318,4,0.0
318,5,0.0
318,6,0.0027472527472527475
318,7,0.020604395604395604
318,8,0.11675824175824176
318,9,0.16071428571428573
318,10,0.10164835164835165
318,11,0.125
318,12,0.18956043956043955
318,13,0.19230769230769232
318,14,0.16483516483516483
318,15,0.16758241758241757
318,16,0.15796703296703296
318,17,0.12774725274725274
318,18,0.08379120879120878
318,19,0.059065934065934064
318,20,0.028846153846153848
318,21,0.028846153846153848
318,22,0.023351648351648352
318,23,0.008241758241758242
319,0,0.09615384615384616
319,1,0.13324175824175824
319,2,0.046703296703296704
319,3,0.06456043956043957
319,4,0.023351648351648352
319,5,0.07417582417582418
319,6,0.2184065934065934
319,7,0.31043956043956045
319,8,0.45467032967032966
319,9,0.5892857142857143
319,10,0.5782967032967034
319,11,0.5824175824175825
319,12,0.6620879120879121
319,13,0.7087912087912088
319,14,0.7815934065934066
319,15,0.7774725274725275
319,16,0.6895604395604396
319,17,0.6497252747252747
319,18,0.6497252747252747
319,19,0.5357142857142857
319,20,0.35027472527472525
319,21,0.33653846153846156
319,22,0.21016483516483517
319,23,0.12912087912087913
32,0,0.013736263736263736
32,1,0.013736263736263736
32,2,0.01510989010989011
32,3,0.01510989010989011
32,4,0.01510989010989011
32,5,0.020604395604395604
32,6,0.04945054945054945
32,7,0.04807692307692308
32,8,0.046703296703296704
32,9,0.11263736263736264
32,10,0.15934065934065933
32,11,0.11401098901098901
32,12,0.10164835164835165
32,13,0.09065934065934066
32,14,0.0989010989010989
32,15,0.11950549450549451
32,16,0.08653846153846154
32,17,0.06593406593406594
32,18,0.03296703296703297
32,19,0.04807692307692308
32,20,0.050824175824175824
32,21,0.02197802197802198
32,22,0.016483516483516484
32,23,0.013736263736263736
320,0,0.01510989010989011
320,1,0.009615384615384616
320,2,0.004120879120879121
320,3,0.0013736263736263737
320,4,0.0013736263736263737
320,5,0.019230769230769232
320,6,0.10302197802197802
320,7,0.21703296703296704
320,8,0.4368131868131868
320,9,0.5343406593406593
320,10,0.5467032967032966
320,11,0.5288461538461539
320,12,0.5123626373626373
320,13,0.5041208791208791
320,14,0.5521978021978022
320,15,0.49313186813186816
320,16,0.46565934065934067
320,17,0.364010989010989
320,18,0.31868131868131866
320,19,0.17032967032967034
320,20,0.05631868131868132
320,21,0.038461538461538464
320,22,0.028846153846153848
320,23,0.02197802197802198
321,0,0.0027472527472527475
321,1,0.0027472527472527475
321,2,0.0
321,3,0.0027472527472527475
321,4,0.11263736263736264
321,5,0.17857142857142858
321,6,0.1043956043956044
321,7,0.1043956043956044
321,8,0.09615384615384616
321,9,0.06043956043956044
321,10,0.1620879120879121
321,11,0.20054945054945056
321,12,0.17307692307692307
321,13,0.17582417582417584
321,14,0.17307692307692307
321,15,0.20604395604395603
321,16,0.23901098901098902
321,17,0.18406593406593408
321,18,0.14835164835164835
321,19,0.07142857142857142
321,20,0.06868131868131869
321,21,0.07967032967032966
321,22,0.027472527472527472
321,23,0.01098901098901099
322,0,0.005494505494505495
322,1,0.0027472527472527475
322,2,0.0
322,3,0.0
322,4,0.0027472527472527475
322,5,0.0027472527472527475
322,6,0.0027472527472527475
322,7,0.01098901098901099
322,8,0.06593406593406594
322,9,0.10714285714285714
322,10,0.07692307692307693
322,11,0.1510989010989011
322,12,0.1510989010989011
322,13,0.19230769230769232
322,14,0.24175824175824176
322,15,0.20604395604395603
322,16,0.14560439560439561
322,17,0.12637362637362637
322,18,0.0989010989010989
322,19,0.07417582417582418
322,20,0.057692307692307696
322,21,0.03021978021978022
322,22,0.02197802197802198
322,23,0.01098901098901099
323,0,0.04120879120879121
323,1,0.02197802197802198
323,2,0.005494505494505495
323,3,0.0027472527472527475
323,4,0.008241758241758242
323,5,0.04945054945054945
323,6,0.10989010989010989
323,7,0.17307692307692307
323,8,0.3269230769230769
323,9,0.4340659340659341
323,10,0.4065934065934066
323,11,0.3956043956043956
323,12,0.4642857142857143
323,13,0.4230769230769231
323,14,0.4065934065934066
323,15,0.4340659340659341
323,16,0.4065934065934066
323,17,0.4175824175824176
323,18,0.3708791208791209
323,19,0.32142857142857145
323,20,0.22252747252747251
323,21,0.17307692307692307
323,22,0.12637362637362637
323,23,0.06318681318681318
324,0,0.013736263736263736
324,1,0.0
324,2,0.0
324,3,0.0027472527472527475
324,4,0.0027472527472527475
324,5,0.01098901098901099
324,6,0.016483516483516484
324,7,0.024725274725274724
324,8,0.11538461538461539
324,9,0.17857142857142858
324,10,0.12637362637362637
324,11,0.12637362637362637
324,12,0.19505494505494506
324,13,0.2032967032967033
324,14,0.15934065934065933
324,15,0.17307692307692307
324,16,0.1813186813186813
324,17,0.13186813186813187
324,18,0.11538461538461539
324,19,0.1043956043956044
324,20,0.07142857142857142
324,21,0.054945054945054944
324,22,0.038461538461538464
324,23,0.016483516483516484
325,0,0.005494505494505495
325,1,0.005494505494505495
325,2,0.0027472527472527475
325,3,0.005494505494505495
325,4,0.005494505494505495
325,5,0.008241758241758242
325,6,0.019230769230769232
325,7,0.03296703296703297
325,8,0.10714285714285714
325,9,0.1620879120879121
325,10,0.12087912087912088
325,11,0.1346153846153846
325,12,0.1620879120879121
325,13,0.1401098901098901
325,14,0.18681318681318682
325,15,0.1813186813186813
325,16,0.17582417582417584
325,17,0.17582417582417584
325,18,0.16758241758241757
325,19,0.13186813186813187
325,20,0.07967032967032966
325,21,0.06868131868131869
325,22,0.04945054945054945
325,23,0.013736263736263736
326,0,0.07280219780219781
326,1,0.028846153846153848
326,2,0.02197802197802198
326,3,0.019230769230769232
326,4,0.03159340659340659
326,5,0.042582417582417584
326,6,0.09615384615384616
326,7,0.3008241758241758
326,8,0.4642857142857143
326,9,0.5508241758241759
326,10,0.6222527472527473
326,11,0.6524725274725275
326,12,0.7994505494505495
326,13,0.7870879120879121
326,14,0.7733516483516484
326,15,0.8461538461538461
326,16,0.8310439560439561
326,17,0.8489010989010989
326,18,0.7912087912087912
326,19,0.5989010989010989
326,20,0.45054945054945056
326,21,0.32142857142857145
326,22,0.22115384615384615
326,23,0.12637362637362637
327,0,0.0673076923076923
327,1,0.04120879120879121
327,2,0.016483516483516484
327,3,0.027472527472527472
327,4,0.013736263736263736
327,5,0.028846153846153848
327,6,0.07554945054945054
327,7,0.20604395604395603
327,8,0.28983516483516486
327,9,0.33379120879120877
327,10,0.3598901098901099
327,11,0.3983516483516483
327,12,0.49725274725274726
327,13,0.5082417582417582
327,14,0.4574175824175824
327,15,0.4835164835164835
327,16,0.5274725274725275
327,17,0.5288461538461539
327,18,0.5151098901098901
327,19,0.36126373626373626
327,20,0.3159340659340659
327,21,0.25137362637362637
327,22,0.17307692307692307
327,23,0.11538461538461539
328,0,0.046703296703296704
328,1,0.020604395604395604
328,2,0.009615384615384616
328,3,0.01098901098901099
328,4,0.01098901098901099
328,5,0.024725274725274724
328,6,0.034340659340659344
328,7,0.13598901098901098
328,8,0.25137362637362637
328,9,0.3228021978021978
328,10,0.39697802197802196
328,11,0.33516483516483514
328,12,0.3873626373626374
328,13,0.42857142857142855
328,14,0.41208791208791207
328,15,0.4409340659340659
328,16,0.4642857142857143
328,17,0.4684065934065934
328,18,0.4326923076923077
328,19,0.3090659340659341
328,20,0.2541208791208791
328,21,0.18818681318681318
328,22,0.12912087912087913
328,23,0.07005494505494506
329,0,0.09478021978021978
329,1,0.057692307692307696
329,2,0.034340659340659344
329,3,0.02197802197802198
329,4,0.017857142857142856
329,5,0.03983516483516483
329,6,0.11950549450549451
329,7,0.48214285714285715
329,8,0.6483516483516484
329,9,0.6126373626373627
329,10,0.6346153846153846
329,11,0.6868131868131868
329,12,0.7857142857142857
329,13,0.8063186813186813
329,14,0.8008241758241759
329,15,0.8928571428571429
329,16,0.9958791208791209
329,17,0.9601648351648352
329,18,0.9464285714285714
329,19,0.7335164835164835
329,20,0.6016483516483516
329,21,0.4381868131868132
329,22,0.29532967032967034
329,23,0.17857142857142858
33,0,0.0027472527472527475
33,1,0.0013736263736263737
33,2,0.0013736263736263737
33,3,0.0013736263736263737
33,4,0.0013736263736263737
33,5,0.01098901098901099
33,6,0.09065934065934066
33,7,0.09065934065934066
33,8,0.12362637362637363
33,9,0.22527472527472528
33,10,0.2032967032967033
33,11,0.10576923076923077
33,12,0.09340659340659341
33,13,0.125
33,14,0.13598901098901098
33,15,0.18818681318681318
33,16,0.22802197802197802
33,17,0.15934065934065933
33,18,0.07692307692307693
33,19,0.09065934065934066
33,20,0.050824175824175824
33,21,0.017857142857142856
33,22,0.012362637362637362
33,23,0.006868131868131868
330,0,0.03571428571428571
330,1,0.006868131868131868
330,2,0.0013736263736263737
330,3,0.005494505494505495
330,4,0.006868131868131868
330,5,0.012362637362637362
330,6,0.02197802197802198
330,7,0.09478021978021978
330,8,0.14972527472527472
330,9,0.10714285714285714
330,10,0.11401098901098901
330,11,0.1565934065934066
330,12,0.16483516483516483
330,13,0.14285714285714285
330,14,0.13736263736263737
330,15,0.13873626373626374
330,16,0.14560439560439561
330,17,0.15384615384615385
330,18,0.16483516483516483
330,19,0.14972527472527472
330,20,0.11813186813186813
330,21,0.07967032967032966
330,22,0.04120879120879121
330,23,0.04945054945054945
331,0,0.012362637362637362
331,1,0.0027472527472527475
331,2,0.0013736263736263737
331,3,0.0027472527472527475
331,4,0.008241758241758242
331,5,0.004120879120879121
331,6,0.01098901098901099
331,7,0.03983516483516483
331,8,0.054945054945054944
331,9,0.0782967032967033
331,10,0.09615384615384616
331,11,0.15384615384615385
331,12,0.21016483516483517
331,13,0.22252747252747251
331,14,0.21978021978021978
331,15,0.18406593406593408
331,16,0.14972527472527472
331,17,0.14423076923076922
331,18,0.14148351648351648
331,19,0.08928571428571429
331,20,0.06868131868131869
331,21,0.042582417582417584
331,22,0.028846153846153848
331,23,0.020604395604395604
332,0,0.04532967032967033
332,1,0.03983516483516483
332,2,0.03708791208791209
332,3,0.07417582417582418
332,4,0.07692307692307693
332,5,0.054945054945054944
332,6,0.09752747252747253
332,7,0.14697802197802198
332,8,0.20741758241758243
332,9,0.2651098901098901
332,10,0.35714285714285715
332,11,0.44642857142857145
332,12,0.5906593406593407
332,13,0.5137362637362637
332,14,0.43956043956043955
332,15,0.49313186813186816
332,16,0.4725274725274725
332,17,0.5068681318681318
332,18,0.4739010989010989
332,19,0.3791208791208791
332,20,0.30357142857142855
332,21,0.2802197802197802
332,22,0.18956043956043955
332,23,0.09478021978021978
333,0,0.10302197802197802
333,1,0.08928571428571429
333,2,0.09340659340659341
333,3,0.18269230769230768
333,4,0.16758241758241757
333,5,0.1304945054945055
333,6,0.23214285714285715
333,7,0.3324175824175824
333,8,0.42032967032967034
333,9,0.5082417582417582
333,10,0.6126373626373627
333,11,0.7527472527472527
333,12,0.8489010989010989
333,13,0.7019230769230769
333,14,0.6346153846153846
333,15,0.6771978021978022
333,16,0.6854395604395604
333,17,0.7417582417582418
333,18,0.7554945054945055
333,19,0.6428571428571429
333,20,0.5590659340659341
333,21,0.4684065934065934
333,22,0.32554945054945056
333,23,0.20604395604395603
334,0,0.08104395604395605
334,1,0.024725274725274724
334,2,0.024725274725274724
334,3,0.023351648351648352
334,4,0.03021978021978022
334,5,0.042582417582417584
334,6,0.061813186813186816
334,7,0.14835164835164835
334,8,0.18543956043956045
334,9,0.18543956043956045
334,10,0.20054945054945056
334,11,0.19093406593406592
334,12,0.20467032967032966
334,13,0.22527472527472528
334,14,0.260989010989011
334,15,0.2706043956043956
334,16,0.2692307692307692
334,17,0.2623626373626374
334,18,0.23763736263736263
334,19,0.18406593406593408
334,20,0.14972527472527472
334,21,0.1401098901098901
334,22,0.12912087912087913
334,23,0.10714285714285714
335,0,0.0521978021978022
335,1,0.016483516483516484
335,2,0.02197802197802198
335,3,0.024725274725274724
335,4,0.027472527472527472
335,5,0.04532967032967033
335,6,0.13736263736263737
335,7,0.3447802197802198
335,8,0.4519230769230769
335,9,0.4368131868131868
335,10,0.4024725274725275
335,11,0.3956043956043956
335,12,0.4271978021978022
335,13,0.5096153846153846
335,14,0.6126373626373627
335,15,0.6813186813186813
335,16,0.5865384615384616
335,17,0.5178571428571429
335,18,0.41208791208791207
335,19,0.3228021978021978
335,20,0.28846153846153844
335,21,0.23214285714285715
335,22,0.16071428571428573
335,23,0.10302197802197802
336,0,0.09203296703296704
336,1,0.04945054945054945
336,2,0.017857142857142856
336,3,0.012362637362637362
336,4,0.01510989010989011
336,5,0.03571428571428571
336,6,0.059065934065934064
336,7,0.15796703296703296
336,8,0.21153846153846154
336,9,0.2403846153846154
336,10,0.2348901098901099
336,11,0.2087912087912088
336,12,0.20467032967032966
336,13,0.2129120879120879
336,14,0.2348901098901099
336,15,0.2733516483516483
336,16,0.3447802197802198
336,17,0.3131868131868132
336,18,0.2774725274725275
336,19,0.3159340659340659
336,20,0.3557692307692308
336,21,0.37774725274725274
336,22,0.2802197802197802
336,23,0.1620879120879121
337,0,0.023351648351648352
337,1,0.008241758241758242
337,2,0.009615384615384616
337,3,0.013736263736263736
337,4,0.016483516483516484
337,5,0.02197802197802198
337,6,0.046703296703296704
337,7,0.12225274725274725
337,8,0.2129120879120879
337,9,0.31456043956043955
337,10,0.40384615384615385
337,11,0.47527472527472525
337,12,0.5590659340659341
337,13,0.6510989010989011
337,14,0.7101648351648352
337,15,0.717032967032967
337,16,0.6153846153846154
337,17,0.49313186813186816
337,18,0.3942307692307692
337,19,0.28296703296703296
337,20,0.18406593406593408
337,21,0.11675824175824176
337,22,0.059065934065934064
337,23,0.03983516483516483
338,0,0.08516483516483517
338,1,0.04945054945054945
338,2,0.034340659340659344
338,3,0.042582417582417584
338,4,0.042582417582417584
338,5,0.04945054945054945
338,6,0.07280219780219781
338,7,0.08104395604395605
338,8,0.12774725274725274
338,9,0.1620879120879121
338,10,0.1510989010989011
338,11,0.12225274725274725
338,12,0.10164835164835165
338,13,0.08791208791208792
338,14,0.15934065934065933
338,15,0.2651098901098901
338,16,0.30631868131868134
338,17,0.32967032967032966
338,18,0.34203296703296704
338,19,0.3557692307692308
338,20,0.31456043956043955
338,21,0.3516483516483517
338,22,0.32005494505494503
338,23,0.2032967032967033
339,0,0.03983516483516483
339,1,0.034340659340659344
339,2,0.03021978021978022
339,3,0.04807692307692308
339,4,0.0673076923076923
339,5,0.07142857142857142
339,6,0.06456043956043957
339,7,0.09340659340659341
339,8,0.25824175824175827
339,9,0.3269230769230769
339,10,0.33791208791208793
339,11,0.3475274725274725
339,12,0.364010989010989
339,13,0.4574175824175824
339,14,0.5054945054945055
339,15,0.5590659340659341
339,16,0.6112637362637363
339,17,0.6112637362637363
339,18,0.5851648351648352
339,19,0.39285714285714285
339,20,0.25686813186813184
339,21,0.20604395604395603
339,22,0.14285714285714285
339,23,0.06456043956043957
34,0,0.11950549450549451
34,1,0.1346153846153846
34,2,0.09615384615384616
34,3,0.06593406593406594
34,4,0.042582417582417584
34,5,0.03159340659340659
34,6,0.04120879120879121
34,7,0.14560439560439561
34,8,0.21565934065934067
34,9,0.15384615384615385
34,10,0.18956043956043955
34,11,0.29395604395604397
34,12,0.33516483516483514
34,13,0.37637362637362637
34,14,0.36675824175824173
34,15,0.38873626373626374
34,16,0.4065934065934066
34,17,0.5027472527472527
34,18,0.6043956043956044
34,19,0.4217032967032967
34,20,0.21978021978021978
34,21,0.1510989010989011
34,22,0.14423076923076922
34,23,0.10851648351648352
340,0,0.019230769230769232
340,1,0.02197802197802198
340,2,0.012362637362637362
340,3,0.012362637362637362
340,4,0.019230769230769232
340,5,0.020604395604395604
340,6,0.03159340659340659
340,7,0.038461538461538464
340,8,0.06868131868131869
340,9,0.09065934065934066
340,10,0.08928571428571429
340,11,0.10027472527472528
340,12,0.11401098901098901
340,13,0.1401098901098901
340,14,0.11675824175824176
340,15,0.12087912087912088
340,16,0.13598901098901098
340,17,0.11950549450549451
340,18,0.10576923076923077
340,19,0.0673076923076923
340,20,0.05357142857142857
340,21,0.04807692307692308
340,22,0.04807692307692308
340,23,0.023351648351648352
341,0,0.013736263736263736
341,1,0.017857142857142856
341,2,0.02197802197802198
341,3,0.009615384615384616
341,4,0.012362637362637362
341,5,0.006868131868131868
341,6,0.017857142857142856
341,7,0.03159340659340659
341,8,0.050824175824175824
341,9,0.07280219780219781
341,10,0.07554945054945054
341,11,0.07280219780219781
341,12,0.0782967032967033
341,13,0.12774725274725274
341,14,0.11950549450549451
341,15,0.10164835164835165
341,16,0.07554945054945054
341,17,0.08653846153846154
341,18,0.11126373626373626
341,19,0.09203296703296704
341,20,0.04120879120879121
341,21,0.04807692307692308
341,22,0.04120879120879121
341,23,0.016483516483516484
342,0,0.06318681318681318
342,1,0.03021978021978022
342,2,0.013736263736263736
342,3,0.019230769230769232
342,4,0.04120879120879121
342,5,0.08516483516483517
342,6,0.10989010989010989
342,7,0.17857142857142858
342,8,0.2857142857142857
342,9,0.29120879120879123
342,10,0.3543956043956044
342,11,0.3598901098901099
342,12,0.36813186813186816
342,13,0.4340659340659341
342,14,0.49725274725274726
342,15,0.47527472527472525
342,16,0.4368131868131868
342,17,0.4697802197802198
342,18,0.37362637362637363
342,19,0.3021978021978022
342,20,0.23901098901098902
342,21,0.22252747252747251
342,22,0.21153846153846154
342,23,0.12362637362637363
343,0,0.0027472527472527475
343,1,0.0
343,2,0.0
343,3,0.0
343,4,0.009615384615384616
343,5,0.11126373626373626
343,6,0.09203296703296704
343,7,0.07280219780219781
343,8,0.07967032967032966
343,9,0.18406593406593408
343,10,0.2925824175824176
343,11,0.2760989010989011
343,12,0.39285714285714285
343,13,0.385989010989011
343,14,0.33104395604395603
343,15,0.38186813186813184
343,16,0.3873626373626374
343,17,0.25137362637362637
343,18,0.12087912087912088
343,19,0.061813186813186816
343,20,0.027472527472527472
343,21,0.023351648351648352
343,22,0.012362637362637362
343,23,0.005494505494505495
344,0,0.0
344,1,0.0
344,2,0.0
344,3,0.0
344,4,0.0
344,5,0.0
344,6,0.017857142857142856
344,7,0.03571428571428571
344,8,0.04532967032967033
344,9,0.04532967032967033
344,10,0.03983516483516483
344,11,0.028846153846153848
344,12,0.050824175824175824
344,13,0.04807692307692308
344,14,0.03708791208791209
344,15,0.0521978021978022
344,16,0.0673076923076923
344,17,0.03571428571428571
344,18,0.008241758241758242
344,19,0.009615384615384616
344,20,0.004120879120879121
344,21,0.0027472527472527475
344,22,0.0
344,23,0.0013736263736263737
345,0,0.0
345,1,0.0
345,2,0.0013736263736263737
345,3,0.0
345,4,0.0
345,5,0.004120879120879121
345,6,0.027472527472527472
345,7,0.03983516483516483
345,8,0.06456043956043957
345,9,0.09203296703296704
345,10,0.09203296703296704
345,11,0.042582417582417584
345,12,0.0521978021978022
345,13,0.07005494505494506
345,14,0.057692307692307696
345,15,0.06868131868131869
345,16,0.08516483516483517
345,17,0.04395604395604396
345,18,0.012362637362637362
345,19,0.006868131868131868
345,20,0.0027472527472527475
345,21,0.0013736263736263737
345,22,0.0
345,23,0.0013736263736263737
346,0,0.020604395604395604
346,1,0.012362637362637362
346,2,0.008241758241758242
346,3,0.01510989010989011
346,4,0.03983516483516483
346,5,0.01098901098901099
346,6,0.03159340659340659
346,7,0.0782967032967033
346,8,0.14423076923076922
346,9,0.12637362637362637
346,10,0.13736263736263737
346,11,0.1978021978021978
346,12,0.24175824175824176
346,13,0.25824175824175827
346,14,0.25961538461538464
346,15,0.22252747252747251
346,16,0.18956043956043955
346,17,0.19230769230769232
346,18,0.17445054945054944
346,19,0.1346153846153846
346,20,0.12225274725274725
346,21,0.10164835164835165
346,22,0.04945054945054945
346,23,0.023351648351648352
347,0,0.0521978021978022
347,1,0.020604395604395604
347,2,0.016483516483516484
347,3,0.017857142857142856
347,4,0.03159340659340659
347,5,0.061813186813186816
347,6,0.07554945054945054
347,7,0.14972527472527472
347,8,0.25274725274725274
347,9,0.28708791208791207
347,10,0.2857142857142857
347,11,0.3090659340659341
347,12,0.33379120879120877
347,13,0.3708791208791209
347,14,0.3708791208791209
347,15,0.3873626373626374
347,16,0.4258241758241758
347,17,0.45879120879120877
347,18,0.4230769230769231
347,19,0.33104395604395603
347,20,0.2348901098901099
347,21,0.20192307692307693
347,22,0.17445054945054944
347,23,0.11538461538461539
348,0,0.21428571428571427
348,1,0.09340659340659341
348,2,0.06318681318681318
348,3,0.04120879120879121
348,4,0.04532967032967033
348,5,0.08928571428571429
348,6,0.21428571428571427
348,7,0.42857142857142855
348,8,0.6195054945054945
348,9,0.6277472527472527
348,10,0.592032967032967
348,11,0.5934065934065934
348,12,0.6071428571428571
348,13,0.6868131868131868
348,14,0.7362637362637363
348,15,0.7596153846153846
348,16,0.8159340659340659
348,17,0.8379120879120879
348,18,0.7994505494505495
348,19,0.6222527472527473
348,20,0.4835164835164835
348,21,0.45604395604395603
348,22,0.4381868131868132
348,23,0.37362637362637363
349,0,0.06593406593406594
349,1,0.027472527472527472
349,2,0.017857142857142856
349,3,0.03021978021978022
349,4,0.0260989010989011
349,5,0.027472527472527472
349,6,0.057692307692307696
349,7,0.15247252747252749
349,8,0.30357142857142855
349,9,0.3516483516483517
349,10,0.3324175824175824
349,11,0.3598901098901099
349,12,0.3791208791208791
349,13,0.42994505494505497
349,14,0.49175824175824173
349,15,0.521978021978022
349,16,0.5494505494505495
349,17,0.5412087912087912
349,18,0.5260989010989011
349,19,0.4024725274725275
349,20,0.28846153846153844
349,21,0.21016483516483517
349,22,0.1620879120879121
349,23,0.10714285714285714
35,0,0.07142857142857142
35,1,0.057692307692307696
35,2,0.02197802197802198
35,3,0.03159340659340659
35,4,0.027472527472527472
35,5,0.03159340659340659
35,6,0.04532967032967033
35,7,0.10851648351648352
35,8,0.14835164835164835
35,9,0.14148351648351648
35,10,0.14148351648351648
35,11,0.2129120879120879
35,12,0.3159340659340659
35,13,0.32142857142857145
35,14,0.28983516483516486
35,15,0.3241758241758242
35,16,0.28708791208791207
35,17,0.3543956043956044
35,18,0.5151098901098901
35,19,0.36126373626373626
35,20,0.22115384615384615
35,21,0.13873626373626374
35,22,0.10302197802197802
35,23,0.06593406593406594
36,0,0.027472527472527472
36,1,0.013736263736263736
36,2,0.004120879120879121
36,3,0.009615384615384616
36,4,0.03021978021978022
36,5,0.04945054945054945
36,6,0.2802197802197802
36,7,0.20192307692307693
36,8,0.24862637362637363
36,9,0.44505494505494503
36,10,0.38324175824175827
36,11,0.3392857142857143
36,12,0.49313186813186816
36,13,0.4230769230769231
36,14,0.4107142857142857
36,15,0.4848901098901099
36,16,0.5508241758241759
36,17,0.5563186813186813
36,18,0.46703296703296704
36,19,0.44642857142857145
36,20,0.4010989010989011
36,21,0.3695054945054945
36,22,0.21565934065934067
36,23,0.08241758241758242
37,0,0.125
37,1,0.0673076923076923
37,2,0.04532967032967033
37,3,0.04532967032967033
37,4,0.04532967032967033
37,5,0.08653846153846154
37,6,0.41620879120879123
37,7,0.23214285714285715
37,8,0.20604395604395603
37,9,0.34615384615384615
37,10,0.3076923076923077
37,11,0.34615384615384615
37,12,0.4532967032967033
37,13,0.4340659340659341
37,14,0.4532967032967033
37,15,0.4697802197802198
37,16,0.5151098901098901
37,17,0.6195054945054945
37,18,0.4848901098901099
37,19,0.4217032967032967
37,20,0.4065934065934066
37,21,0.4725274725274725
37,22,0.34203296703296704
37,23,0.23076923076923078
38,0,0.03159340659340659
38,1,0.0260989010989011
38,2,0.019230769230769232
38,3,0.009615384615384616
38,4,0.0013736263736263737
38,5,0.0013736263736263737
38,6,0.019230769230769232
38,7,0.06868131868131869
38,8,0.18543956043956045
38,9,0.1304945054945055
38,10,0.19505494505494506
38,11,0.16483516483516483
38,12,0.14423076923076922
38,13,0.18269230769230768
38,14,0.2184065934065934
38,15,0.2651098901098901
38,16,0.23214285714285715
38,17,0.33104395604395603
38,18,0.2967032967032967
38,19,0.19505494505494506
38,20,0.13873626373626374
38,21,0.11813186813186813
38,22,0.09752747252747253
38,23,0.05357142857142857
39,0,0.18269230769230768
39,1,0.17445054945054944
39,2,0.12774725274725274
39,3,0.09478021978021978
39,4,0.0673076923076923
39,5,0.03571428571428571
39,6,0.05357142857142857
39,7,0.20054945054945056
39,8,0.24862637362637363
39,9,0.1401098901098901
39,10,0.1978021978021978
39,11,0.29532967032967034
39,12,0.3914835164835165
39,13,0.41620879120879123
39,14,0.3543956043956044
39,15,0.32005494505494503
39,16,0.30357142857142855
39,17,0.5906593406593407
39,18,0.7074175824175825
39,19,0.5494505494505495
39,20,0.28296703296703296
39,21,0.16758241758241757
39,22,0.14285714285714285
39,23,0.13598901098901098
4,0,0.02197802197802198
4,1,0.016483516483516484
4,2,0.020604395604395604
4,3,0.017857142857142856
4,4,0.004120879120879121
4,5,0.013736263736263736
4,6,0.057692307692307696
4,7,0.10851648351648352
4,8,0.2802197802197802
4,9,0.39285714285714285
4,10,0.3942307692307692
4,11,0.43956043956043955
4,12,0.5508241758241759
4,13,0.5686813186813187
4,14,0.5384615384615384
4,15,0.6277472527472527
4,16,0.6016483516483516
4,17,0.4340659340659341
4,18,0.3118131868131868
4,19,0.21428571428571427
4,20,0.125
4,21,0.07005494505494506
4,22,0.04532967032967033
4,23,0.023351648351648352
40,0,0.1717032967032967
40,1,0.2032967032967033
40,2,0.09615384615384616
40,3,0.028846153846153848
40,4,0.01510989010989011
40,5,0.017857142857142856
40,6,0.050824175824175824
40,7,0.11126373626373626
40,8,0.3543956043956044
40,9,0.49725274725274726
40,10,0.46565934065934067
40,11,0.49862637362637363
40,12,0.5398351648351648
40,13,0.5357142857142857
40,14,0.4807692307692308
40,15,0.4807692307692308
40,16,0.5453296703296703
40,17,0.46153846153846156
40,18,0.3543956043956044
40,19,0.27472527472527475
40,20,0.20054945054945056
40,21,0.19917582417582416
40,22,0.17445054945054944
40,23,0.12087912087912088
41,0,0.024725274725274724
41,1,0.013736263736263736
41,2,0.012362637362637362
41,3,0.008241758241758242
41,4,0.013736263736263736
41,5,0.01510989010989011
41,6,0.027472527472527472
41,7,0.0673076923076923
41,8,0.10576923076923077
41,9,0.17445054945054944
41,10,0.24175824175824176
41,11,0.35027472527472525
41,12,0.39972527472527475
41,13,0.46016483516483514
41,14,0.4697802197802198
41,15,0.4876373626373626
41,16,0.47115384615384615
41,17,0.39972527472527475
41,18,0.32005494505494503
41,19,0.14697802197802198
41,20,0.07142857142857142
41,21,0.0521978021978022
41,22,0.03983516483516483
41,23,0.027472527472527472
42,0,0.020604395604395604
42,1,0.016483516483516484
42,2,0.005494505494505495
42,3,0.0027472527472527475
42,4,0.0013736263736263737
42,5,0.016483516483516484
42,6,0.054945054945054944
42,7,0.04945054945054945
42,8,0.08104395604395605
42,9,0.08928571428571429
42,10,0.08379120879120878
42,11,0.13186813186813187
42,12,0.14835164835164835
42,13,0.11813186813186813
42,14,0.09478021978021978
42,15,0.10714285714285714
42,16,0.11126373626373626
42,17,0.1304945054945055
42,18,0.11263736263736264
42,19,0.09340659340659341
42,20,0.06593406593406594
42,21,0.07417582417582418
42,22,0.04807692307692308
42,23,0.034340659340659344
43,0,0.07692307692307693
43,1,0.042582417582417584
43,2,0.024725274725274724
43,3,0.016483516483516484
43,4,0.013736263736263736
43,5,0.046703296703296704
43,6,0.12912087912087913
43,7,0.11675824175824176
43,8,0.09478021978021978
43,9,0.16483516483516483
43,10,0.23763736263736263
43,11,0.23763736263736263
43,12,0.29120879120879123
43,13,0.2815934065934066
43,14,0.21978021978021978
43,15,0.2184065934065934
43,16,0.20741758241758243
43,17,0.22252747252747251
43,18,0.18818681318681318
43,19,0.1510989010989011
43,20,0.12774725274725274
43,21,0.11263736263736264
43,22,0.1043956043956044
43,23,0.10576923076923077
44,0,0.008241758241758242
44,1,0.005494505494505495
44,2,0.0027472527472527475
44,3,0.005494505494505495
44,4,0.005494505494505495
44,5,0.009615384615384616
44,6,0.01510989010989011
44,7,0.05357142857142857
44,8,0.06593406593406594
44,9,0.11675824175824176
44,10,0.15934065934065933
44,11,0.17994505494505494
44,12,0.21016483516483517
44,13,0.23901098901098902
44,14,0.3475274725274725
44,15,0.29120879120879123
44,16,0.16758241758241757
44,17,0.13186813186813187
44,18,0.11401098901098901
44,19,0.10576923076923077
44,20,0.03571428571428571
44,21,0.023351648351648352
44,22,0.03021978021978022
44,23,0.016483516483516484
45,0,0.0
45,1,0.0
45,2,0.0
45,3,0.0013736263736263737
45,4,0.004120879120879121
45,5,0.019230769230769232
45,6,0.059065934065934064
45,7,0.03296703296703297
45,8,0.016483516483516484
45,9,0.0260989010989011
45,10,0.03296703296703297
45,11,0.057692307692307696
45,12,0.12912087912087913
45,13,0.33379120879120877
45,14,0.3626373626373626
45,15,0.125
45,16,0.1771978021978022
45,17,0.13873626373626374
45,18,0.042582417582417584
45,19,0.013736263736263736
45,20,0.009615384615384616
45,21,0.006868131868131868
45,22,0.0013736263736263737
45,23,0.0027472527472527475
46,0,0.008241758241758242
46,1,0.004120879120879121
46,2,0.0013736263736263737
46,3,0.0
46,4,0.0013736263736263737
46,5,0.0013736263736263737
46,6,0.012362637362637362
46,7,0.034340659340659344
46,8,0.04120879120879121
46,9,0.04395604395604396
46,10,0.03296703296703297
46,11,0.08104395604395605
46,12,0.11538461538461539
46,13,0.1662087912087912
46,14,0.17994505494505494
46,15,0.13736263736263737
46,16,0.14148351648351648
46,17,0.15521978021978022
46,18,0.07280219780219781
46,19,0.03983516483516483
46,20,0.04945054945054945
46,21,0.04120879120879121
46,22,0.0260989010989011
46,23,0.019230769230769232
47,0,0.0027472527472527475
47,1,0.005494505494505495
47,2,0.005494505494505495
47,3,0.0027472527472527475
47,4,0.0027472527472527475
47,5,0.009615384615384616
47,6,0.01098901098901099
47,7,0.03296703296703297
47,8,0.054945054945054944
47,9,0.08791208791208792
47,10,0.1510989010989011
47,11,0.1813186813186813
47,12,0.1936813186813187
47,13,0.2445054945054945
47,14,0.31868131868131866
47,15,0.23763736263736263
47,16,0.22664835164835165
47,17,0.20604395604395603
47,18,0.10164835164835165
47,19,0.0673076923076923
47,20,0.061813186813186816
47,21,0.03021978021978022
47,22,0.017857142857142856
47,23,0.016483516483516484
48,0,0.006868131868131868
48,1,0.004120879120879121
48,2,0.0027472527472527475
48,3,0.0027472527472527475
48,4,0.013736263736263736
48,5,0.017857142857142856
48,6,0.023351648351648352
48,7,0.03571428571428571
48,8,0.04945054945054945
48,9,0.09478021978021978
48,10,0.1304945054945055
48,11,0.17032967032967034
48,12,0.22664835164835165
48,13,0.3173076923076923
48,14,0.385989010989011
48,15,0.2774725274725275
48,16,0.27197802197802196
48,17,0.28296703296703296
48,18,0.14423076923076922
48,19,0.07142857142857142
48,20,0.06456043956043957
48,21,0.03571428571428571
48,22,0.0260989010989011
48,23,0.013736263736263736
49,0,0.009615384615384616
49,1,0.008241758241758242
49,2,0.0013736263736263737
49,3,0.0013736263736263737
49,4,0.004120879120879121
49,5,0.004120879120879121
49,6,0.017857142857142856
49,7,0.0521978021978022
49,8,0.1304945054945055
49,9,0.12912087912087913
49,10,0.18269230769230768
49,11,0.16346153846153846
49,12,0.20192307692307693
49,13,0.24725274725274726
49,14,0.21153846153846154
49,15,0.25137362637362637
49,16,0.24175824175824176
49,17,0.19917582417582416
49,18,0.0989010989010989
49,19,0.0673076923076923
49,20,0.03983516483516483
49,21,0.04120879120879121
49,22,0.027472527472527472
49,23,0.013736263736263736
5,0,0.004120879120879121
5,1,0.0
5,2,0.0013736263736263737
5,3,0.0027472527472527475
5,4,0.0
5,5,0.005494505494505495
5,6,0.012362637362637362
5,7,0.024725274725274724
5,8,0.06868131868131869
5,9,0.11263736263736264
5,10,0.11126373626373626
5,11,0.13324175824175824
5,12,0.11675824175824176
5,13,0.14423076923076922
5,14,0.15384615384615385
5,15,0.1346153846153846
5,16,0.12225274725274725
5,17,0.12637362637362637
5,18,0.10714285714285714
5,19,0.08791208791208792
5,20,0.054945054945054944
5,21,0.0521978021978022
5,22,0.03021978021978022
5,23,0.01510989010989011
50,0,0.012362637362637362
50,1,0.006868131868131868
50,2,0.005494505494505495
50,3,0.004120879120879121
50,4,0.005494505494505495
50,5,0.006868131868131868
50,6,0.009615384615384616
50,7,0.020604395604395604
50,8,0.03571428571428571
50,9,0.0521978021978022
50,10,0.050824175824175824
50,11,0.08516483516483517
50,12,0.14423076923076922
50,13,0.12912087912087913
50,14,0.08653846153846154
50,15,0.09065934065934066
50,16,0.09203296703296704
50,17,0.06593406593406594
50,18,0.03021978021978022
50,19,0.023351648351648352
50,20,0.02197802197802198
50,21,0.019230769230769232
50,22,0.019230769230769232
50,23,0.009615384615384616
51,0,0.004120879120879121
51,1,0.0027472527472527475
51,2,0.0013736263736263737
51,3,0.0
51,4,0.0
51,5,0.0
51,6,0.005494505494505495
51,7,0.020604395604395604
51,8,0.038461538461538464
51,9,0.07005494505494506
51,10,0.08653846153846154
51,11,0.10302197802197802
51,12,0.1620879120879121
51,13,0.12912087912087913
51,14,0.11126373626373626
51,15,0.10714285714285714
51,16,0.10302197802197802
51,17,0.06456043956043957
51,18,0.038461538461538464
51,19,0.03159340659340659
51,20,0.01098901098901099
51,21,0.020604395604395604
51,22,0.01510989010989011
51,23,0.005494505494505495
52,0,0.009615384615384616
52,1,0.009615384615384616
52,2,0.006868131868131868
52,3,0.0027472527472527475
52,4,0.0027472527472527475
52,5,0.006868131868131868
52,6,0.04120879120879121
52,7,0.14148351648351648
52,8,0.18543956043956045
52,9,0.23351648351648352
52,10,0.3021978021978022
52,11,0.39972527472527475
52,12,0.5013736263736264
52,13,0.45604395604395603
52,14,0.4766483516483517
52,15,0.4340659340659341
52,16,0.4010989010989011
52,17,0.3021978021978022
52,18,0.21016483516483517
52,19,0.12362637362637363
52,20,0.059065934065934064
52,21,0.034340659340659344
52,22,0.03021978021978022
52,23,0.012362637362637362
53,0,0.012362637362637362
53,1,0.006868131868131868
53,2,0.0027472527472527475
53,3,0.0013736263736263737
53,4,0.0
53,5,0.009615384615384616
53,6,0.04120879120879121
53,7,0.08516483516483517
53,8,0.15247252747252749
53,9,0.1401098901098901
53,10,0.2184065934065934
53,11,0.2664835164835165
53,12,0.34203296703296704
53,13,0.32142857142857145
53,14,0.2925824175824176
53,15,0.28983516483516486
53,16,0.2403846153846154
53,17,0.19093406593406592
53,18,0.14285714285714285
53,19,0.10851648351648352
53,20,0.06318681318681318
53,21,0.03021978021978022
53,22,0.024725274725274724
53,23,0.008241758241758242
54,0,0.013736263736263736
54,1,0.006868131868131868
54,2,0.004120879120879121
54,3,0.0013736263736263737
54,4,0.01098901098901099
54,5,0.01098901098901099
54,6,0.03296703296703297
54,7,0.07280219780219781
54,8,0.11538461538461539
54,9,0.11675824175824176
54,10,0.1771978021978022
54,11,0.20192307692307693
54,12,0.23351648351648352
54,13,0.2541208791208791
54,14,0.25274725274725274
54,15,0.2541208791208791
54,16,0.20192307692307693
54,17,0.17307692307692307
54,18,0.11538461538461539
54,19,0.09340659340659341
54,20,0.07005494505494506
54,21,0.04945054945054945
54,22,0.02197802197802198
54,23,0.013736263736263736
55,0,0.028846153846153848
55,1,0.01510989010989011
55,2,0.005494505494505495
55,3,0.006868131868131868
55,4,0.017857142857142856
55,5,0.04395604395604396
55,6,0.09615384615384616
55,7,0.17994505494505494
55,8,0.2733516483516483
55,9,0.39697802197802196
55,10,0.5384615384615384
55,11,0.5879120879120879
55,12,0.7225274725274725
55,13,0.7032967032967034
55,14,0.6689560439560439
55,15,0.5837912087912088
55,16,0.5013736263736264
55,17,0.4065934065934066
55,18,0.3228021978021978
55,19,0.19917582417582416
55,20,0.15384615384615385
55,21,0.12912087912087913
55,22,0.07692307692307693
55,23,0.0260989010989011
56,0,0.01510989010989011
56,1,0.012362637362637362
56,2,0.009615384615384616
56,3,0.005494505494505495
56,4,0.0027472527472527475
56,5,0.004120879120879121
56,6,0.009615384615384616
56,7,0.024725274725274724
56,8,0.03983516483516483
56,9,0.07142857142857142
56,10,0.11126373626373626
56,11,0.11263736263736264
56,12,0.11813186813186813
56,13,0.13598901098901098
56,14,0.12912087912087913
56,15,0.14285714285714285
56,16,0.13736263736263737
56,17,0.09752747252747253
56,18,0.0782967032967033
56,19,0.0521978021978022
56,20,0.0521978021978022
56,21,0.06318681318681318
56,22,0.03159340659340659
56,23,0.016483516483516484
57,0,0.009615384615384616
57,1,0.01098901098901099
57,2,0.02197802197802198
57,3,0.009615384615384616
57,4,0.006868131868131868
57,5,0.006868131868131868
57,6,0.009615384615384616
57,7,0.04807692307692308
57,8,0.10164835164835165
57,9,0.13598901098901098
57,10,0.19642857142857142
57,11,0.24587912087912087
57,12,0.19642857142857142
57,13,0.22664835164835165
57,14,0.2733516483516483
57,15,0.28846153846153844
57,16,0.2541208791208791
57,17,0.20192307692307693
57,18,0.1936813186813187
57,19,0.13736263736263737
57,20,0.0989010989010989
57,21,0.07417582417582418
57,22,0.03983516483516483
57,23,0.019230769230769232
58,0,0.057692307692307696
58,1,0.03021978021978022
58,2,0.019230769230769232
58,3,0.020604395604395604
58,4,0.038461538461538464
58,5,0.057692307692307696
58,6,0.15934065934065933
58,7,0.2802197802197802
58,8,0.29945054945054944
58,9,0.25686813186813184
58,10,0.364010989010989
58,11,0.603021978021978
58,12,0.6538461538461539
58,13,0.5164835164835165
58,14,0.4065934065934066
58,15,0.3873626373626374
58,16,0.42032967032967034
58,17,0.5041208791208791
58,18,0.4945054945054945
58,19,0.3942307692307692
58,20,0.24587912087912087
58,21,0.18543956043956045
58,22,0.14423076923076922
58,23,0.07554945054945054
59,0,0.0013736263736263737
59,1,0.0
59,2,0.0
59,3,0.0013736263736263737
59,4,0.0027472527472527475
59,5,0.0
59,6,0.028846153846153848
59,7,0.06868131868131869
59,8,0.24587912087912087
59,9,0.32142857142857145
59,10,0.29532967032967034
59,11,0.32005494505494503
59,12,0.3598901098901099
59,13,0.3585164835164835
59,14,0.3695054945054945
59,15,0.34065934065934067
59,16,0.2760989010989011
59,17,0.24175824175824176
59,18,0.10851648351648352
59,19,0.07280219780219781
59,20,0.04120879120879121
59,21,0.019230769230769232
59,22,0.01098901098901099
59,23,0.005494505494505495
6,0,0.009615384615384616
6,1,0.004120879120879121
6,2,0.0027472527472527475
6,3,0.004120879120879121
6,4,0.004120879120879121
6,5,0.005494505494505495
6,6,0.034340659340659344
6,7,0.07417582417582418
6,8,0.15247252747252749
6,9,0.22664835164835165
6,10,0.21016483516483517
6,11,0.21565934065934067
6,12,0.2184065934065934
6,13,0.22527472527472528
6,14,0.22115384615384615
6,15,0.2554945054945055
6,16,0.2733516483516483
6,17,0.24587912087912087
6,18,0.1813186813186813
6,19,0.17994505494505494
6,20,0.16895604395604397
6,21,0.10164835164835165
6,22,0.06593406593406594
6,23,0.03159340659340659
60,0,0.028846153846153848
60,1,0.016483516483516484
60,2,0.01510989010989011
60,3,0.004120879120879121
60,4,0.004120879120879121
60,5,0.054945054945054944
60,6,0.08791208791208792
60,7,0.2129120879120879
60,8,0.41895604395604397
60,9,0.36126373626373626
60,10,0.24862637362637363
60,11,0.2692307692307692
60,12,0.3008241758241758
60,13,0.3076923076923077
60,14,0.32005494505494503
60,15,0.39285714285714285
60,16,0.45604395604395603
60,17,0.37637362637362637
60,18,0.26373626373626374
60,19,0.21703296703296704
60,20,0.2692307692307692
60,21,0.13324175824175824
60,22,0.11263736263736264
60,23,0.06043956043956044
61,0,0.16483516483516483
61,1,0.07554945054945054
61,2,0.03296703296703297
61,3,0.008241758241758242
61,4,0.023351648351648352
61,5,0.08791208791208792
61,6,0.22664835164835165
61,7,0.3804945054945055
61,8,0.6263736263736264
61,9,0.75
61,10,0.7211538461538461
61,11,0.8021978021978022
61,12,0.7898351648351648
61,13,0.8351648351648352
61,14,0.9038461538461539
61,15,0.8873626373626373
61,16,0.9848901098901099
61,17,0.967032967032967
61,18,0.9725274725274725
61,19,0.8434065934065934
61,20,0.7651098901098901
61,21,0.6552197802197802
61,22,0.5989010989010989
61,23,0.34065934065934067
62,0,0.03296703296703297
62,1,0.009615384615384616
62,2,0.01510989010989011
62,3,0.013736263736263736
62,4,0.04395604395604396
62,5,0.08379120879120878
62,6,0.054945054945054944
62,7,0.03708791208791209
62,8,0.08379120879120878
62,9,0.06456043956043957
62,10,0.06593406593406594
62,11,0.07142857142857142
62,12,0.08653846153846154
62,13,0.0673076923076923
62,14,0.059065934065934064
62,15,0.06456043956043957
62,16,0.08104395604395605
62,17,0.09065934065934066
62,18,0.1043956043956044
62,19,0.11401098901098901
62,20,0.11126373626373626
62,21,0.09752747252747253
62,22,0.07417582417582418
62,23,0.054945054945054944
63,0,0.0
63,1,0.0
63,2,0.0
63,3,0.0
63,4,0.0
63,5,0.005494505494505495
63,6,0.005494505494505495
63,7,0.0027472527472527475
63,8,0.008241758241758242
63,9,0.016483516483516484
63,10,0.03021978021978022
63,11,0.04945054945054945
63,12,0.04395604395604396
63,13,0.02197802197802198
63,14,0.04945054945054945
63,15,0.038461538461538464
63,16,0.03296703296703297
63,17,0.013736263736263736
63,18,0.005494505494505495
63,19,0.008241758241758242
63,20,0.0027472527472527475
63,21,0.0
63,22,0.0
63,23,0.0027472527472527475
64,0,0.03021978021978022
64,1,0.03296703296703297
64,2,0.019230769230769232
64,3,0.019230769230769232
64,4,0.017857142857142856
64,5,0.023351648351648352
64,6,0.03021978021978022
64,7,0.046703296703296704
64,8,0.07142857142857142
64,9,0.10714285714285714
64,10,0.20741758241758243
64,11,0.3282967032967033
64,12,0.38461538461538464
64,13,0.35302197802197804
64,14,0.3076923076923077
64,15,0.20192307692307693
64,16,0.20054945054945056
64,17,0.2541208791208791
64,18,0.15247252747252749
64,19,0.0673076923076923
64,20,0.03708791208791209
64,21,0.03983516483516483
64,22,0.04120879120879121
64,23,0.03708791208791209
65,0,0.016483516483516484
65,1,0.005494505494505495
65,2,0.0027472527472527475
65,3,0.0027472527472527475
65,4,0.004120879120879121
65,5,0.006868131868131868
65,6,0.027472527472527472
65,7,0.06593406593406594
65,8,0.09065934065934066
65,9,0.23763736263736263
65,10,0.2651098901098901
65,11,0.28434065934065933
65,12,0.33104395604395603
65,13,0.3434065934065934
65,14,0.25
65,15,0.1813186813186813
65,16,0.21016483516483517
65,17,0.21153846153846154
65,18,0.14423076923076922
65,19,0.07005494505494506
65,20,0.038461538461538464
65,21,0.03021978021978022
65,22,0.042582417582417584
65,23,0.0260989010989011
66,0,0.0027472527472527475
66,1,0.004120879120879121
66,2,0.0013736263736263737
66,3,0.0
66,4,0.0013736263736263737
66,5,0.006868131868131868
66,6,0.07692307692307693
66,7,0.10302197802197802
66,8,0.13873626373626374
66,9,0.18956043956043955
66,10,0.19230769230769232
66,11,0.15934065934065933
66,12,0.14972527472527472
66,13,0.2032967032967033
66,14,0.21703296703296704
66,15,0.21016483516483517
66,16,0.19093406593406592
66,17,0.17582417582417584
66,18,0.12637362637362637
66,19,0.08516483516483517
66,20,0.06318681318681318
66,21,0.03296703296703297
66,22,0.017857142857142856
66,23,0.004120879120879121
67,0,0.008241758241758242
67,1,0.027472527472527472
67,2,0.027472527472527472
67,3,0.013736263736263736
67,4,0.01098901098901099
67,5,0.013736263736263736
67,6,0.07417582417582418
67,7,0.09340659340659341
67,8,0.054945054945054944
67,9,0.1043956043956044
67,10,0.16758241758241757
67,11,0.14835164835164835
67,12,0.12362637362637363
67,13,0.12087912087912088
67,14,0.1620879120879121
67,15,0.11813186813186813
67,16,0.15384615384615385
67,17,0.19505494505494506
67,18,0.18406593406593408
67,19,0.19230769230769232
67,20,0.2445054945054945
67,21,0.19505494505494506
67,22,0.14285714285714285
67,23,0.08516483516483517
68,0,0.005494505494505495
68,1,0.005494505494505495
68,2,0.0027472527472527475
68,3,0.0027472527472527475
68,4,0.016483516483516484
68,5,0.04395604395604396
68,6,0.07692307692307693
68,7,0.10164835164835165
68,8,0.17032967032967034
68,9,0.14697802197802198
68,10,0.17032967032967034
68,11,0.15521978021978022
68,12,0.1620879120879121
68,13,0.15934065934065933
68,14,0.2032967032967033
68,15,0.20741758241758243
68,16,0.1565934065934066
68,17,0.15521978021978022
68,18,0.18543956043956045
68,19,0.1717032967032967
68,20,0.1043956043956044
68,21,0.07005494505494506
68,22,0.04532967032967033
68,23,0.017857142857142856
69,0,0.04395604395604396
69,1,0.059065934065934064
69,2,0.07692307692307693
69,3,0.03983516483516483
69,4,0.03021978021978022
69,5,0.03708791208791209
69,6,0.07554945054945054
69,7,0.11538461538461539
69,8,0.18543956043956045
69,9,0.3173076923076923
69,10,0.3159340659340659
69,11,0.3090659340659341
69,12,0.29120879120879123
69,13,0.35302197802197804
69,14,0.37362637362637363
69,15,0.35714285714285715
69,16,0.36675824175824173
69,17,0.34615384615384615
69,18,0.34203296703296704
69,19,0.33104395604395603
69,20,0.2403846153846154
69,21,0.18818681318681318
69,22,0.12912087912087913
69,23,0.06868131868131869
7,0,0.17307692307692307
7,1,0.08791208791208792
7,2,0.0521978021978022
7,3,0.04945054945054945
7,4,0.11263736263736264
7,5,0.2184065934065934
7,6,0.2623626373626374
7,7,0.33653846153846156
7,8,0.3626373626373626
7,9,0.5082417582417582
7,10,0.6538461538461539
7,11,0.6277472527472527
7,12,0.5604395604395604
7,13,0.5934065934065934
7,14,0.7142857142857143
7,15,0.6456043956043956
7,16,0.6346153846153846
7,17,0.6195054945054945
7,18,0.625
7,19,0.5370879120879121
7,20,0.5013736263736264
7,21,0.43543956043956045
7,22,0.3447802197802198
7,23,0.2967032967032967
70,0,0.0782967032967033
70,1,0.09615384615384616
70,2,0.08104395604395605
70,3,0.05631868131868132
70,4,0.059065934065934064
70,5,0.046703296703296704
70,6,0.06868131868131869
70,7,0.13324175824175824
70,8,0.23076923076923078
70,9,0.3090659340659341
70,10,0.38324175824175827
70,11,0.3873626373626374
70,12,0.40934065934065933
70,13,0.46291208791208793
70,14,0.4217032967032967
70,15,0.42857142857142855
70,16,0.3873626373626374
70,17,0.36675824175824173
70,18,0.3901098901098901
70,19,0.32554945054945056
70,20,0.21978021978021978
70,21,0.18543956043956045
70,22,0.17582417582417584
70,23,0.09340659340659341
71,0,0.3983516483516483
71,1,0.28846153846153844
71,2,0.20192307692307693
71,3,0.15934065934065933
71,4,0.17582417582417584
71,5,0.16071428571428573
71,6,0.40796703296703296
71,7,0.6510989010989011
71,8,0.5398351648351648
71,9,0.5013736263736264
71,10,0.5604395604395604
71,11,0.6222527472527473
71,12,0.6318681318681318
71,13,0.6181318681318682
71,14,0.7293956043956044
71,15,0.7445054945054945
71,16,0.8159340659340659
71,17,0.9574175824175825
71,18,1.0082417582417582
71,19,0.8324175824175825
71,20,0.7994505494505495
71,21,0.6840659340659341
71,22,0.7184065934065934
71,23,0.5206043956043956
72,0,0.04395604395604396
72,1,0.019230769230769232
72,2,0.01098901098901099
72,3,0.006868131868131868
72,4,0.008241758241758242
72,5,0.012362637362637362
72,6,0.03983516483516483
72,7,0.08928571428571429
72,8,0.16895604395604397
72,9,0.17445054945054944
72,10,0.1346153846153846
72,11,0.11950549450549451
72,12,0.16895604395604397
72,13,0.11401098901098901
72,14,0.16895604395604397
72,15,0.24587912087912087
72,16,0.24175824175824176
72,17,0.2129120879120879
72,18,0.20192307692307693
72,19,0.2802197802197802
72,20,0.34615384615384615
72,21,0.3447802197802198
72,22,0.24313186813186813
72,23,0.125
73,0,0.038461538461538464
73,1,0.009615384615384616
73,2,0.004120879120879121
73,3,0.01098901098901099
73,4,0.023351648351648352
73,5,0.04945054945054945
73,6,0.07967032967032966
73,7,0.18956043956043955
73,8,0.3543956043956044
73,9,0.3557692307692308
73,10,0.28708791208791207
73,11,0.26785714285714285
73,12,0.30357142857142855
73,13,0.3543956043956044
73,14,0.39697802197802196
73,15,0.3983516483516483
73,16,0.3626373626373626
73,17,0.3516483516483517
73,18,0.24587912087912087
73,19,0.21428571428571427
73,20,0.1978021978021978
73,21,0.15384615384615385
73,22,0.13598901098901098
73,23,0.08241758241758242
74,0,0.061813186813186816
74,1,0.01510989010989011
74,2,0.01098901098901099
74,3,0.01098901098901099
74,4,0.006868131868131868
74,5,0.019230769230769232
74,6,0.06593406593406594
74,7,0.13324175824175824
74,8,0.20741758241758243
74,9,0.22252747252747251
74,10,0.1510989010989011
74,11,0.09478021978021978
74,12,0.09340659340659341
74,13,0.09615384615384616
74,14,0.12225274725274725
74,15,0.2129120879120879
74,16,0.2445054945054945
74,17,0.33104395604395603
74,18,0.38324175824175827
74,19,0.385989010989011
74,20,0.4340659340659341
74,21,0.36538461538461536
74,22,0.2623626373626374
74,23,0.13736263736263737
75,0,0.06318681318681318
75,1,0.03708791208791209
75,2,0.02197802197802198
75,3,0.023351648351648352
75,4,0.04807692307692308
75,5,0.07005494505494506
75,6,0.08653846153846154
75,7,0.23214285714285715
75,8,0.35714285714285715
75,9,0.38186813186813184
75,10,0.4381868131868132
75,11,0.4739010989010989
75,12,0.5714285714285714
75,13,0.5686813186813187
75,14,0.6332417582417582
75,15,0.6730769230769231
75,16,0.6620879120879121
75,17,0.6510989010989011
75,18,0.6332417582417582
75,19,0.4642857142857143
75,20,0.3791208791208791
75,21,0.33379120879120877
75,22,0.23626373626373626
75,23,0.13873626373626374
76,0,0.13186813186813187
76,1,0.08241758241758242
76,2,0.04807692307692308
76,3,0.03708791208791209
76,4,0.10164835164835165
76,5,0.20467032967032966
76,6,0.25
76,7,0.32005494505494503
76,8,0.43131868131868134
76,9,0.5425824175824175
76,10,0.5631868131868132
76,11,0.6923076923076923
76,12,0.782967032967033
76,13,0.695054945054945
76,14,0.6964285714285714
76,15,0.7376373626373627
76,16,0.7815934065934066
76,17,0.8090659340659341
76,18,0.75
76,19,0.5563186813186813
76,20,0.5274725274725275
76,21,0.4697802197802198
76,22,0.3021978021978022
76,23,0.18818681318681318
77,0,0.042582417582417584
77,1,0.03296703296703297
77,2,0.03021978021978022
77,3,0.013736263736263736
77,4,0.01510989010989011
77,5,0.0260989010989011
77,6,0.06043956043956044
77,7,0.17582417582417584
77,8,0.19917582417582416
77,9,0.22115384615384615
77,10,0.23626373626373626
77,11,0.22664835164835165
77,12,0.23351648351648352
77,13,0.2651098901098901
77,14,0.2967032967032967
77,15,0.29945054945054944
77,16,0.3173076923076923
77,17,0.32005494505494503
77,18,0.28983516483516486
77,19,0.3008241758241758
77,20,0.2774725274725275
77,21,0.2129120879120879
77,22,0.14972527472527472
77,23,0.08653846153846154
78,0,0.020604395604395604
78,1,0.008241758241758242
78,2,0.0013736263736263737
78,3,0.0
78,4,0.0027472527472527475
78,5,0.009615384615384616
78,6,0.024725274725274724
78,7,0.07280219780219781
78,8,0.17994505494505494
78,9,0.39697802197802196
78,10,0.6236263736263736
78,11,0.7925824175824175
78,12,0.8818681318681318
78,13,0.9162087912087912
78,14,0.9862637362637363
78,15,0.8983516483516484
78,16,0.728021978021978
78,17,0.3598901098901099
78,18,0.17032967032967034
78,19,0.09203296703296704
78,20,0.034340659340659344
78,21,0.024725274725274724
78,22,0.016483516483516484
78,23,0.013736263736263736
79,0,0.004120879120879121
79,1,0.0013736263736263737
79,2,0.0
79,3,0.0013736263736263737
79,4,0.0013736263736263737
79,5,0.004120879120879121
79,6,0.012362637362637362
79,7,0.0521978021978022
79,8,0.19230769230769232
79,9,0.3804945054945055
79,10,0.5796703296703297
79,11,0.7293956043956044
79,12,0.8351648351648352
79,13,0.8118131868131868
79,14,0.8791208791208791
79,15,0.7733516483516484
79,16,0.6909340659340659
79,17,0.3269230769230769
79,18,0.14972527472527472
79,19,0.08791208791208792
79,20,0.04945054945054945
79,21,0.03296703296703297
79,22,0.020604395604395604
79,23,0.012362637362637362
8,0,0.10576923076923077
8,1,0.08791208791208792
8,2,0.10302197802197802
8,3,0.16758241758241757
8,4,0.14285714285714285
8,5,0.061813186813186816
8,6,0.07417582417582418
8,7,0.13324175824175824
8,8,0.3241758241758242
8,9,0.4532967032967033
8,10,0.42994505494505497
8,11,0.375
8,12,0.3873626373626374
8,13,0.4684065934065934
8,14,0.42994505494505497
8,15,0.4271978021978022
8,16,0.4848901098901099
8,17,0.39285714285714285
8,18,0.31043956043956045
8,19,0.2802197802197802
8,20,0.25824175824175827
8,21,0.23901098901098902
8,22,0.19505494505494506
8,23,0.12637362637362637
80,0,0.008241758241758242
80,1,0.01098901098901099
80,2,0.03296703296703297
80,3,0.03983516483516483
80,4,0.03021978021978022
80,5,0.0260989010989011
80,6,0.03983516483516483
80,7,0.03296703296703297
80,8,0.08653846153846154
80,9,0.12225274725274725
80,10,0.1304945054945055
80,11,0.125
80,12,0.12087912087912088
80,13,0.14285714285714285
80,14,0.14423076923076922
80,15,0.15796703296703296
80,16,0.21428571428571427
80,17,0.16758241758241757
80,18,0.15247252747252749
80,19,0.10302197802197802
80,20,0.07005494505494506
80,21,0.04945054945054945
80,22,0.0260989010989011
80,23,0.01510989010989011
81,0,0.006868131868131868
81,1,0.006868131868131868
81,2,0.01098901098901099
81,3,0.019230769230769232
81,4,0.009615384615384616
81,5,0.01098901098901099
81,6,0.028846153846153848
81,7,0.07142857142857142
81,8,0.10714285714285714
81,9,0.12912087912087913
81,10,0.1304945054945055
81,11,0.09478021978021978
81,12,0.11950549450549451
81,13,0.14835164835164835
81,14,0.1401098901098901
81,15,0.14560439560439561
81,16,0.13324175824175824
81,17,0.14697802197802198
81,18,0.14285714285714285
81,19,0.10714285714285714
81,20,0.057692307692307696
81,21,0.050824175824175824
81,22,0.06043956043956044
81,23,0.017857142857142856
82,0,0.016483516483516484
82,1,0.01510989010989011
82,2,0.012362637362637362
82,3,0.012362637362637362
82,4,0.013736263736263736
82,5,0.017857142857142856
82,6,0.017857142857142856
82,7,0.03021978021978022
82,8,0.04807692307692308
82,9,0.13186813186813187
82,10,0.24175824175824176
82,11,0.35027472527472525
82,12,0.44642857142857145
82,13,0.45879120879120877
82,14,0.42032967032967034
82,15,0.4326923076923077
82,16,0.32005494505494503
82,17,0.13736263736263737
82,18,0.0673076923076923
82,19,0.028846153846153848
82,20,0.017857142857142856
82,21,0.01510989010989011
82,22,0.01510989010989011
82,23,0.016483516483516484
83,0,0.0027472527472527475
83,1,0.0027472527472527475
83,2,0.0013736263736263737
83,3,0.006868131868131868
83,4,0.0027472527472527475
83,5,0.005494505494505495
83,6,0.009615384615384616
83,7,0.01510989010989011
83,8,0.038461538461538464
83,9,0.08653846153846154
83,10,0.14423076923076922
83,11,0.24313186813186813
83,12,0.2967032967032967
83,13,0.27472527472527475
83,14,0.28296703296703296
83,15,0.29945054945054944
83,16,0.2129120879120879
83,17,0.11401098901098901
83,18,0.03571428571428571
83,19,0.016483516483516484
83,20,0.013736263736263736
83,21,0.004120879120879121
83,22,0.006868131868131868
83,23,0.0013736263736263737
84,0,0.0013736263736263737
84,1,0.0013736263736263737
84,2,0.0
84,3,0.0
84,4,0.0
84,5,0.0013736263736263737
84,6,0.008241758241758242
84,7,0.006868131868131868
84,8,0.03159340659340659
84,9,0.08379120879120878
84,10,0.12774725274725274
84,11,0.18681318681318682
84,12,0.1978021978021978
84,13,0.22252747252747251
84,14,0.28846153846153844
84,15,0.24175824175824176
84,16,0.17994505494505494
84,17,0.08241758241758242
84,18,0.03296703296703297
84,19,0.019230769230769232
84,20,0.013736263736263736
84,21,0.008241758241758242
84,22,0.005494505494505495
84,23,0.0027472527472527475
85,0,0.05631868131868132
85,1,0.03159340659340659
85,2,0.017857142857142856
85,3,0.024725274725274724
85,4,0.0260989010989011
85,5,0.050824175824175824
85,6,0.17994505494505494
85,7,0.27472527472527475
85,8,0.35027472527472525
85,9,0.5123626373626373
85,10,0.7472527472527473
85,11,1.059065934065934
85,12,1.1538461538461537
85,13,1.1346153846153846
85,14,1.1318681318681318
85,15,1.0013736263736264
85,16,0.9368131868131868
85,17,0.7651098901098901
85,18,0.6195054945054945
85,19,0.40934065934065933
85,20,0.2623626373626374
85,21,0.19230769230769232
85,22,0.11813186813186813
85,23,0.09752747252747253
86,0,0.023351648351648352
86,1,0.01098901098901099
86,2,0.0027472527472527475
86,3,0.004120879120879121
86,4,0.005494505494505495
86,5,0.02197802197802198
86,6,0.03571428571428571
86,7,0.050824175824175824
86,8,0.06593406593406594
86,9,0.0673076923076923
86,10,0.07280219780219781
86,11,0.09752747252747253
86,12,0.12087912087912088
86,13,0.14285714285714285
86,14,0.15796703296703296
86,15,0.16895604395604397
86,16,0.16346153846153846
86,17,0.14423076923076922
86,18,0.1620879120879121
86,19,0.12362637362637363
86,20,0.08241758241758242
86,21,0.06593406593406594
86,22,0.04807692307692308
86,23,0.027472527472527472
87,0,0.024725274725274724
87,1,0.013736263736263736
87,2,0.01510989010989011
87,3,0.020604395604395604
87,4,0.06318681318681318
87,5,0.521978021978022
87,6,0.489010989010989
87,7,0.07554945054945054
87,8,0.057692307692307696
87,9,0.11126373626373626
87,10,0.1401098901098901
87,11,0.18681318681318682
87,12,0.17307692307692307
87,13,0.18818681318681318
87,14,0.2032967032967033
87,15,0.17857142857142858
87,16,0.1662087912087912
87,17,0.15934065934065933
87,18,0.16483516483516483
87,19,0.1346153846153846
87,20,0.12912087912087913
87,21,0.12087912087912088
87,22,0.08104395604395605
87,23,0.054945054945054944
88,0,0.04120879120879121
88,1,0.028846153846153848
88,2,0.0260989010989011
88,3,0.023351648351648352
88,4,0.024725274725274724
88,5,0.03159340659340659
88,6,0.038461538461538464
88,7,0.07692307692307693
88,8,0.16758241758241757
88,9,0.3543956043956044
88,10,0.3956043956043956
88,11,0.4258241758241758
88,12,0.43131868131868134
88,13,0.4258241758241758
88,14,0.43131868131868134
88,15,0.4010989010989011
88,16,0.4491758241758242
88,17,0.44642857142857145
88,18,0.33104395604395603
88,19,0.25137362637362637
88,20,0.23626373626373626
88,21,0.25961538461538464
88,22,0.18818681318681318
88,23,0.08516483516483517
89,0,0.008241758241758242
89,1,0.016483516483516484
89,2,0.008241758241758242
89,3,0.0027472527472527475
89,4,0.0
89,5,0.016483516483516484
89,6,0.14835164835164835
89,7,0.4175824175824176
89,8,0.46153846153846156
89,9,0.3241758241758242
89,10,0.22527472527472528
89,11,0.18406593406593408
89,12,0.20604395604395603
89,13,0.25824175824175827
89,14,0.26373626373626374
89,15,0.2445054945054945
89,16,0.27197802197802196
89,17,0.28846153846153844
89,18,0.28846153846153844
89,19,0.2802197802197802
89,20,0.2032967032967033
89,21,0.1401098901098901
89,22,0.06593406593406594
89,23,0.024725274725274724
9,0,0.006868131868131868
9,1,0.008241758241758242
9,2,0.013736263736263736
9,3,0.009615384615384616
9,4,0.016483516483516484
9,5,0.05357142857142857
9,6,0.07692307692307693
9,7,0.11126373626373626
9,8,0.15384615384615385
9,9,0.1510989010989011
9,10,0.12774725274725274
9,11,0.10714285714285714
9,12,0.18269230769230768
9,13,0.25
9,14,0.27197802197802196
9,15,0.3118131868131868
9,16,0.3228021978021978
9,17,0.2664835164835165
9,18,0.14972527472527472
9,19,0.054945054945054944
9,20,0.01098901098901099
9,21,0.019230769230769232
9,22,0.008241758241758242
9,23,0.013736263736263736
90,0,0.1043956043956044
90,1,0.07142857142857142
90,2,0.05631868131868132
90,3,0.06318681318681318
90,4,0.08928571428571429
90,5,0.1043956043956044
90,6,0.13736263736263737
90,7,0.24587912087912087
90,8,0.5096153846153846
90,9,0.5961538461538461
90,10,0.6565934065934066
90,11,0.7994505494505495
90,12,0.7417582417582418
90,13,0.6373626373626373
90,14,0.6167582417582418
90,15,0.6648351648351648
90,16,0.7912087912087912
90,17,0.7802197802197802
90,18,0.6744505494505495
90,19,0.5343406593406593
90,20,0.46703296703296704
90,21,0.42032967032967034
90,22,0.2857142857142857
90,23,0.15521978021978022
91,0,0.016483516483516484
91,1,0.0027472527472527475
91,2,0.0
91,3,0.008241758241758242
91,4,0.01098901098901099
91,5,0.02197802197802198
91,6,0.038461538461538464
91,7,0.054945054945054944
91,8,0.13186813186813187
91,9,0.22527472527472528
91,10,0.33516483516483514
91,11,0.2445054945054945
91,12,0.17307692307692307
91,13,0.20604395604395603
91,14,0.25824175824175827
91,15,0.23901098901098902
91,16,0.25824175824175827
91,17,0.2032967032967033
91,18,0.14835164835164835
91,19,0.16483516483516483
91,20,0.1401098901098901
91,21,0.10989010989010989
91,22,0.07142857142857142
91,23,0.038461538461538464
92,0,0.008241758241758242
92,1,0.004120879120879121
92,2,0.0013736263736263737
92,3,0.0
92,4,0.0013736263736263737
92,5,0.008241758241758242
92,6,0.028846153846153848
92,7,0.09478021978021978
92,8,0.4340659340659341
92,9,0.4368131868131868
92,10,0.1813186813186813
92,11,0.22802197802197802
92,12,0.29532967032967034
92,13,0.30357142857142855
92,14,0.28846153846153844
92,15,0.24725274725274726
92,16,0.23214285714285715
92,17,0.19230769230769232
92,18,0.12225274725274725
92,19,0.08653846153846154
92,20,0.03708791208791209
92,21,0.0260989010989011
92,22,0.009615384615384616
92,23,0.009615384615384616
93,0,0.050824175824175824
93,1,0.017857142857142856
93,2,0.0260989010989011
93,3,0.01098901098901099
93,4,0.017857142857142856
93,5,0.03159340659340659
93,6,0.1304945054945055
93,7,0.39285714285714285
93,8,0.26373626373626374
93,9,0.4848901098901099
93,10,0.5247252747252747
93,11,0.47802197802197804
93,12,0.5206043956043956
93,13,0.5824175824175825
93,14,0.5810439560439561
93,15,0.6263736263736264
93,16,0.6098901098901099
93,17,0.614010989010989
93,18,0.5370879120879121
93,19,0.3282967032967033
93,20,0.25
93,21,0.2239010989010989
93,22,0.21428571428571427
93,23,0.10851648351648352
94,0,0.11126373626373626
94,1,0.09478021978021978
94,2,0.0260989010989011
94,3,0.02197802197802198
94,4,0.03021978021978022
94,5,0.0673076923076923
94,6,0.08928571428571429
94,7,0.07280219780219781
94,8,0.14835164835164835
94,9,0.20467032967032966
94,10,0.2129120879120879
94,11,0.21565934065934067
94,12,0.17445054945054944
94,13,0.23763736263736263
94,14,0.2664835164835165
94,15,0.22802197802197802
94,16,0.26785714285714285
94,17,0.2692307692307692
94,18,0.1510989010989011
94,19,0.08928571428571429
94,20,0.12087912087912088
94,21,0.1346153846153846
94,22,0.10989010989010989
94,23,0.10989010989010989
95,0,0.07280219780219781
95,1,0.061813186813186816
95,2,0.023351648351648352
95,3,0.01098901098901099
95,4,0.03983516483516483
95,5,0.13736263736263737
95,6,0.1620879120879121
95,7,0.10302197802197802
95,8,0.1565934065934066
95,9,0.2032967032967033
95,10,0.18681318681318682
95,11,0.14835164835164835
95,12,0.13873626373626374
95,13,0.18269230769230768
95,14,0.23763736263736263
95,15,0.26785714285714285
95,16,0.2445054945054945
95,17,0.25
95,18,0.16758241758241757
95,19,0.13324175824175824
95,20,0.14697802197802198
95,21,0.1620879120879121
95,22,0.09203296703296704
95,23,0.08241758241758242
96,0,0.1620879120879121
96,1,0.17032967032967034
96,2,0.11401098901098901
96,3,0.027472527472527472
96,4,0.027472527472527472
96,5,0.057692307692307696
96,6,0.07967032967032966
96,7,0.07005494505494506
96,8,0.10851648351648352
96,9,0.1565934065934066
96,10,0.19230769230769232
96,11,0.18956043956043955
96,12,0.19505494505494506
96,13,0.2403846153846154
96,14,0.24862637362637363
96,15,0.2239010989010989
96,16,0.21153846153846154
96,17,0.2184065934065934
96,18,0.15384615384615385
96,19,0.12774725274725274
96,20,0.14697802197802198
96,21,0.14148351648351648
96,22,0.12225274725274725
96,23,0.12087912087912088
97,0,0.01098901098901099
97,1,0.01098901098901099
97,2,0.01098901098901099
97,3,0.008241758241758242
97,4,0.009615384615384616
97,5,0.017857142857142856
97,6,0.07554945054945054
97,7,0.21153846153846154
97,8,0.364010989010989
97,9,0.27472527472527475
97,10,0.25274725274725274
97,11,0.23901098901098902
97,12,0.2445054945054945
97,13,0.3282967032967033
97,14,0.32554945054945056
97,15,0.30357142857142855
97,16,0.33104395604395603
97,17,0.29945054945054944
97,18,0.14835164835164835
97,19,0.07554945054945054
97,20,0.08379120879120878
97,21,0.07692307692307693
97,22,0.059065934065934064
97,23,0.027472527472527472
98,0,0.016483516483516484
98,1,0.017857142857142856
98,2,0.017857142857142856
98,3,0.017857142857142856
98,4,0.016483516483516484
98,5,0.016483516483516484
98,6,0.019230769230769232
98,7,0.0260989010989011
98,8,0.03571428571428571
98,9,0.04395604395604396
98,10,0.04945054945054945
98,11,0.057692307692307696
98,12,0.059065934065934064
98,13,0.06043956043956044
98,14,0.07142857142857142
98,15,0.059065934065934064
98,16,0.054945054945054944
98,17,0.0521978021978022
98,18,0.04807692307692308
98,19,0.028846153846153848
98,20,0.023351648351648352
98,21,0.017857142857142856
98,22,0.024725274725274724
98,23,0.017857142857142856
99,0,0.0
99,1,0.0027472527472527475
99,2,0.0013736263736263737
99,3,0.0
99,4,0.0
99,5,0.005494505494505495
99,6,0.017857142857142856
99,7,0.03159340659340659
99,8,0.0521978021978022
99,9,0.04532967032967033
99,10,0.05357142857142857
99,11,0.08516483516483517
99,12,0.10714285714285714
99,13,0.08241758241758242
99,14,0.0673076923076923
99,15,0.07692307692307693
99,16,0.0782967032967033
99,17,0.06868131868131869
99,18,0.04807692307692308
99,19,0.034340659340659344
99,20,0.02197802197802198
99,21,0.01098901098901099
99,22,0.01098901098901099
99,23,0.0013736263736263737
